{"level":"fatal","component":"backend","time":"2026-06-30T05:47:13Z","caller":"/workspaces/picoclaw/web/backend/main.go:571","message":"Failed to open launcher listener(s): listen tcp4 127.0.0.1:18900: socket: operation not permitted"}
{"level":"info","component":"web","time":"2026-06-30T05:47:24Z","caller":"/workspaces/picoclaw/web/backend/main.go:488","message":"PicoClaw launcher starting (version nightly-48-g52320f48-dirty)..."}
{"level":"info","component":"web","time":"2026-06-30T05:47:24Z","caller":"/workspaces/picoclaw/web/backend/main.go:489","message":"PicoClaw Home: /workspaces/picoclaw/.runtime/picoclaw-home"}
{"level":"info","component":"web","time":"2026-06-30T05:47:24Z","caller":"/workspaces/picoclaw/web/backend/main.go:491","message":"Debug mode enabled"}
{"level":"debug","component":"web","time":"2026-06-30T05:47:24Z","caller":"/workspaces/picoclaw/web/backend/main.go:492","message":"Launcher flags: console=false host=\"127.0.0.1\" public=false no_browser=true config=/workspaces/picoclaw/.runtime/picoclaw-home/config.json"}
{"level":"fatal","component":"backend","time":"2026-06-30T05:47:24Z","caller":"/workspaces/picoclaw/web/backend/main.go:571","message":"Failed to open launcher listener(s): listen tcp4 127.0.0.1:18900: socket: operation not permitted"}
{"level":"info","component":"web","time":"2026-06-30T05:48:20Z","caller":"/workspaces/picoclaw/web/backend/main.go:488","message":"PicoClaw launcher starting (version nightly-48-g52320f48-dirty)..."}
{"level":"info","component":"web","time":"2026-06-30T05:48:20Z","caller":"/workspaces/picoclaw/web/backend/main.go:489","message":"PicoClaw Home: /workspaces/picoclaw/.runtime/picoclaw-home"}
{"level":"info","component":"web","time":"2026-06-30T05:48:20Z","caller":"/workspaces/picoclaw/web/backend/main.go:491","message":"Debug mode enabled"}
{"level":"debug","component":"web","time":"2026-06-30T05:48:20Z","caller":"/workspaces/picoclaw/web/backend/main.go:492","message":"Launcher flags: console=false host=\"127.0.0.1\" public=false no_browser=true config=/workspaces/picoclaw/.runtime/picoclaw-home/config.json"}
{"level":"info","component":"web","time":"2026-06-30T05:48:20Z","caller":"/workspaces/picoclaw/web/backend/main.go:712","message":"Server will listen on http://127.0.0.1:18900"}
{"level":"info","component":"web","time":"2026-06-30T05:48:20Z","caller":"/workspaces/picoclaw/web/backend/main.go:739","message":"Server listening on 127.0.0.1:18900"}
{"level":"info","component":"gateway","time":"2026-06-30T05:48:21Z","caller":"/workspaces/picoclaw/web/backend/api/gateway.go:358","message":"Skip auto-starting gateway: no default model configured"}
{"level":"debug","component":"http","time":"2026-06-30T05:48:28Z","caller":"/workspaces/picoclaw/web/backend/middleware/middleware.go:64","message":"GET /api/auth/status 200 484.093µs"}
{"level":"debug","component":"http","time":"2026-06-30T05:48:28Z","caller":"/workspaces/picoclaw/web/backend/middleware/middleware.go:64","message":"HEAD /mobile 302 10.219µs"}
{"level":"debug","component":"http","time":"2026-06-30T05:53:34Z","caller":"/workspaces/picoclaw/web/backend/middleware/middleware.go:64","message":"GET /mobile 302 30.157µs"}
{"level":"debug","component":"http","time":"2026-06-30T05:53:35Z","caller":"/workspaces/picoclaw/web/backend/middleware/middleware.go:64","message":"GET /launcher-login 200 157.834µs"}
{"level":"debug","component":"http","time":"2026-06-30T05:53:36Z","caller":"/workspaces/picoclaw/web/backend/middleware/middleware.go:64","message":"GET /assets/redirect-DunpSC7m.js 200 233.045µs"}
{"level":"debug","component":"http","time":"2026-06-30T05:53:36Z","caller":"/workspaces/picoclaw/web/backend/middleware/middleware.go:64","message":"GET /assets/index-nJOD9FQi.js 200 522.133µs"}
{"level":"debug","component":"http","time":"2026-06-30T05:53:36Z","caller":"/workspaces/picoclaw/web/backend/middleware/middleware.go:64","message":"GET /assets/shim-CE9EdP2i.js 200 858.893µs"}
{"level":"debug","component":"http","time":"2026-06-30T05:53:37Z","caller":"/workspaces/picoclaw/web/backend/middleware/middleware.go:64","message":"GET /assets/index-CYpljtc7.css 200 267.729µs"}
{"level":"debug","component":"http","time":"2026-06-30T05:53:37Z","caller":"/workspaces/picoclaw/web/backend/middleware/middleware.go:64","message":"GET /assets/input-LKtf6RyI.js 200 1.201311ms"}
{"level":"debug","component":"http","time":"2026-06-30T05:53:38Z","caller":"/workspaces/picoclaw/web/backend/middleware/middleware.go:64","message":"GET /assets/http-CKrkVaSU.js 200 39.364µs"}
{"level":"debug","component":"http","time":"2026-06-30T05:53:38Z","caller":"/workspaces/picoclaw/web/backend/middleware/middleware.go:64","message":"GET /assets/useStore-BpfQCKft.js 200 170.087µs"}
{"level":"debug","component":"http","time":"2026-06-30T05:53:38Z","caller":"/workspaces/picoclaw/web/backend/middleware/middleware.go:64","message":"GET /assets/useRouter-q7PhtPpY.js 200 31.118µs"}
{"level":"debug","component":"http","time":"2026-06-30T05:53:38Z","caller":"/workspaces/picoclaw/web/backend/middleware/middleware.go:64","message":"GET /assets/vanilla-DlAR4kjz.js 200 239.988µs"}
{"level":"debug","component":"http","time":"2026-06-30T05:53:38Z","caller":"/workspaces/picoclaw/web/backend/middleware/middleware.go:64","message":"GET /assets/code-block-BYOpJmmR.js 200 64.53µs"}
{"level":"debug","component":"http","time":"2026-06-30T05:53:39Z","caller":"/workspaces/picoclaw/web/backend/middleware/middleware.go:64","message":"GET /assets/label-C13F3Jt_.js 200 37.57µs"}
{"level":"debug","component":"http","time":"2026-06-30T05:53:39Z","caller":"/workspaces/picoclaw/web/backend/middleware/middleware.go:64","message":"GET /assets/card-DIltRSCu.js 200 60.283µs"}
{"level":"debug","component":"http","time":"2026-06-30T05:53:39Z","caller":"/workspaces/picoclaw/web/backend/middleware/middleware.go:64","message":"GET /assets/launcher-login-DRHoM3sH.js 200 121.887µs"}
{"level":"debug","component":"http","time":"2026-06-30T05:53:39Z","caller":"/workspaces/picoclaw/web/backend/middleware/middleware.go:64","message":"GET /api/auth/status 200 239.958µs"}
{"level":"debug","component":"http","time":"2026-06-30T05:53:39Z","caller":"/workspaces/picoclaw/web/backend/middleware/middleware.go:64","message":"GET /launcher-setup 200 51.787µs"}
{"level":"debug","component":"http","time":"2026-06-30T05:53:40Z","caller":"/workspaces/picoclaw/web/backend/middleware/middleware.go:64","message":"GET /assets/index-nJOD9FQi.js 200 587.977µs"}
{"level":"debug","component":"http","time":"2026-06-30T05:53:40Z","caller":"/workspaces/picoclaw/web/backend/middleware/middleware.go:64","message":"GET /assets/redirect-DunpSC7m.js 200 439.9µs"}
{"level":"debug","component":"http","time":"2026-06-30T05:53:40Z","caller":"/workspaces/picoclaw/web/backend/middleware/middleware.go:64","message":"GET /assets/shim-CE9EdP2i.js 200 194.372µs"}
{"level":"debug","component":"http","time":"2026-06-30T05:53:40Z","caller":"/workspaces/picoclaw/web/backend/middleware/middleware.go:64","message":"GET /assets/index-CYpljtc7.css 200 218.678µs"}
{"level":"debug","component":"http","time":"2026-06-30T05:53:40Z","caller":"/workspaces/picoclaw/web/backend/middleware/middleware.go:64","message":"GET /assets/input-LKtf6RyI.js 200 252.23µs"}
{"level":"debug","component":"http","time":"2026-06-30T05:53:41Z","caller":"/workspaces/picoclaw/web/backend/middleware/middleware.go:64","message":"GET /assets/http-CKrkVaSU.js 200 37.149µs"}
{"level":"debug","component":"http","time":"2026-06-30T05:53:41Z","caller":"/workspaces/picoclaw/web/backend/middleware/middleware.go:64","message":"GET /assets/useStore-BpfQCKft.js 200 157.794µs"}
{"level":"debug","component":"http","time":"2026-06-30T05:53:41Z","caller":"/workspaces/picoclaw/web/backend/middleware/middleware.go:64","message":"GET /assets/useRouter-q7PhtPpY.js 200 30.096µs"}
{"level":"debug","component":"http","time":"2026-06-30T05:53:41Z","caller":"/workspaces/picoclaw/web/backend/middleware/middleware.go:64","message":"GET /assets/vanilla-DlAR4kjz.js 200 108.001µs"}
{"level":"debug","component":"http","time":"2026-06-30T05:53:41Z","caller":"/workspaces/picoclaw/web/backend/middleware/middleware.go:64","message":"GET /assets/code-block-BYOpJmmR.js 200 37.39µs"}
{"level":"debug","component":"http","time":"2026-06-30T05:53:41Z","caller":"/workspaces/picoclaw/web/backend/middleware/middleware.go:64","message":"GET /assets/label-C13F3Jt_.js 200 70.191µs"}
{"level":"debug","component":"http","time":"2026-06-30T05:53:41Z","caller":"/workspaces/picoclaw/web/backend/middleware/middleware.go:64","message":"GET /assets/launcher-setup-CU76SCYD.js 200 55.964µs"}
{"level":"debug","component":"http","time":"2026-06-30T05:53:42Z","caller":"/workspaces/picoclaw/web/backend/middleware/middleware.go:64","message":"GET /assets/card-DIltRSCu.js 200 54.612µs"}
{"level":"debug","component":"http","time":"2026-06-30T05:54:07Z","caller":"/workspaces/picoclaw/web/backend/middleware/middleware.go:64","message":"GET /mobile 302 19.086µs"}
{"level":"debug","component":"http","time":"2026-06-30T05:54:07Z","caller":"/workspaces/picoclaw/web/backend/middleware/middleware.go:64","message":"GET /launcher-login 200 50.374µs"}
{"level":"debug","component":"http","time":"2026-06-30T05:54:08Z","caller":"/workspaces/picoclaw/web/backend/middleware/middleware.go:64","message":"GET /assets/code-block-BYOpJmmR.js 200 78.697µs"}
{"level":"debug","component":"http","time":"2026-06-30T05:54:08Z","caller":"/workspaces/picoclaw/web/backend/middleware/middleware.go:64","message":"GET /assets/input-LKtf6RyI.js 200 358.058µs"}
{"level":"debug","component":"http","time":"2026-06-30T05:54:08Z","caller":"/workspaces/picoclaw/web/backend/middleware/middleware.go:64","message":"GET /assets/redirect-DunpSC7m.js 200 129.041µs"}
{"level":"debug","component":"http","time":"2026-06-30T05:54:08Z","caller":"/workspaces/picoclaw/web/backend/middleware/middleware.go:64","message":"GET /assets/http-CKrkVaSU.js 200 24.575µs"}
{"level":"debug","component":"http","time":"2026-06-30T05:54:08Z","caller":"/workspaces/picoclaw/web/backend/middleware/middleware.go:64","message":"GET /assets/index-CYpljtc7.css 200 190.996µs"}
{"level":"debug","component":"http","time":"2026-06-30T05:54:08Z","caller":"/workspaces/picoclaw/web/backend/middleware/middleware.go:64","message":"GET /assets/useRouter-q7PhtPpY.js 200 34.684µs"}
{"level":"debug","component":"http","time":"2026-06-30T05:54:08Z","caller":"/workspaces/picoclaw/web/backend/middleware/middleware.go:64","message":"GET /assets/index-nJOD9FQi.js 200 460.409µs"}
{"level":"debug","component":"http","time":"2026-06-30T05:54:08Z","caller":"/workspaces/picoclaw/web/backend/middleware/middleware.go:64","message":"GET /assets/useStore-BpfQCKft.js 200 112.179µs"}
{"level":"debug","component":"http","time":"2026-06-30T05:54:08Z","caller":"/workspaces/picoclaw/web/backend/middleware/middleware.go:64","message":"GET /assets/vanilla-DlAR4kjz.js 200 250.137µs"}
{"level":"debug","component":"http","time":"2026-06-30T05:54:08Z","caller":"/workspaces/picoclaw/web/backend/middleware/middleware.go:64","message":"GET /assets/shim-CE9EdP2i.js 200 178.403µs"}
{"level":"debug","component":"http","time":"2026-06-30T05:54:09Z","caller":"/workspaces/picoclaw/web/backend/middleware/middleware.go:64","message":"GET /assets/launcher-login-DRHoM3sH.js 200 51.846µs"}
{"level":"debug","component":"http","time":"2026-06-30T05:54:09Z","caller":"/workspaces/picoclaw/web/backend/middleware/middleware.go:64","message":"GET /assets/label-C13F3Jt_.js 200 26.138µs"}
{"level":"debug","component":"http","time":"2026-06-30T05:54:09Z","caller":"/workspaces/picoclaw/web/backend/middleware/middleware.go:64","message":"GET /assets/card-DIltRSCu.js 200 31.689µs"}
{"level":"debug","component":"http","time":"2026-06-30T05:54:10Z","caller":"/workspaces/picoclaw/web/backend/middleware/middleware.go:64","message":"GET /api/auth/status 200 267.729µs"}
{"level":"debug","component":"http","time":"2026-06-30T05:54:10Z","caller":"/workspaces/picoclaw/web/backend/middleware/middleware.go:64","message":"GET /launcher-setup 200 55.533µs"}
{"level":"debug","component":"http","time":"2026-06-30T05:54:10Z","caller":"/workspaces/picoclaw/web/backend/middleware/middleware.go:64","message":"GET /assets/index-nJOD9FQi.js 200 622.972µs"}
{"level":"debug","component":"http","time":"2026-06-30T05:54:10Z","caller":"/workspaces/picoclaw/web/backend/middleware/middleware.go:64","message":"GET /assets/shim-CE9EdP2i.js 200 287.846µs"}
{"level":"debug","component":"http","time":"2026-06-30T05:54:10Z","caller":"/workspaces/picoclaw/web/backend/middleware/middleware.go:64","message":"GET /assets/useRouter-q7PhtPpY.js 200 53.179µs"}
{"level":"debug","component":"http","time":"2026-06-30T05:54:10Z","caller":"/workspaces/picoclaw/web/backend/middleware/middleware.go:64","message":"GET /assets/vanilla-DlAR4kjz.js 200 162.774µs"}
{"level":"debug","component":"http","time":"2026-06-30T05:54:10Z","caller":"/workspaces/picoclaw/web/backend/middleware/middleware.go:64","message":"GET /assets/input-LKtf6RyI.js 200 138.748µs"}
{"level":"debug","component":"http","time":"2026-06-30T05:54:10Z","caller":"/workspaces/picoclaw/web/backend/middleware/middleware.go:64","message":"GET /assets/code-block-BYOpJmmR.js 200 17.794µs"}
{"level":"debug","component":"http","time":"2026-06-30T05:54:10Z","caller":"/workspaces/picoclaw/web/backend/middleware/middleware.go:64","message":"GET /assets/index-CYpljtc7.css 200 4.614247ms"}
{"level":"debug","component":"http","time":"2026-06-30T05:54:10Z","caller":"/workspaces/picoclaw/web/backend/middleware/middleware.go:64","message":"GET /assets/useStore-BpfQCKft.js 200 3.37778ms"}
{"level":"debug","component":"http","time":"2026-06-30T05:54:10Z","caller":"/workspaces/picoclaw/web/backend/middleware/middleware.go:64","message":"GET /assets/http-CKrkVaSU.js 200 62.637µs"}
{"level":"debug","component":"http","time":"2026-06-30T05:54:10Z","caller":"/workspaces/picoclaw/web/backend/middleware/middleware.go:64","message":"GET /assets/redirect-DunpSC7m.js 200 965.361µs"}
{"level":"debug","component":"http","time":"2026-06-30T05:54:11Z","caller":"/workspaces/picoclaw/web/backend/middleware/middleware.go:64","message":"GET /assets/launcher-setup-CU76SCYD.js 200 104.845µs"}
{"level":"debug","component":"http","time":"2026-06-30T05:54:11Z","caller":"/workspaces/picoclaw/web/backend/middleware/middleware.go:64","message":"GET /assets/label-C13F3Jt_.js 200 19.827µs"}
{"level":"debug","component":"http","time":"2026-06-30T05:54:11Z","caller":"/workspaces/picoclaw/web/backend/middleware/middleware.go:64","message":"GET /assets/card-DIltRSCu.js 200 25.117µs"}
{"level":"debug","component":"http","time":"2026-06-30T05:54:32Z","caller":"/workspaces/picoclaw/web/backend/middleware/middleware.go:64","message":"POST /api/auth/setup 200 296.628576ms"}
{"level":"debug","component":"http","time":"2026-06-30T05:54:32Z","caller":"/workspaces/picoclaw/web/backend/middleware/middleware.go:64","message":"GET /launcher-login 200 50.815µs"}
{"level":"debug","component":"http","time":"2026-06-30T05:54:32Z","caller":"/workspaces/picoclaw/web/backend/middleware/middleware.go:64","message":"GET /assets/index-nJOD9FQi.js 200 1.759261ms"}
{"level":"debug","component":"http","time":"2026-06-30T05:54:32Z","caller":"/workspaces/picoclaw/web/backend/middleware/middleware.go:64","message":"GET /assets/shim-CE9EdP2i.js 200 100.247µs"}
{"level":"debug","component":"http","time":"2026-06-30T05:54:32Z","caller":"/workspaces/picoclaw/web/backend/middleware/middleware.go:64","message":"GET /assets/input-LKtf6RyI.js 200 253.873µs"}
{"level":"debug","component":"http","time":"2026-06-30T05:54:32Z","caller":"/workspaces/picoclaw/web/backend/middleware/middleware.go:64","message":"GET /assets/http-CKrkVaSU.js 200 31.208µs"}
{"level":"debug","component":"http","time":"2026-06-30T05:54:32Z","caller":"/workspaces/picoclaw/web/backend/middleware/middleware.go:64","message":"GET /assets/redirect-DunpSC7m.js 200 126.827µs"}
{"level":"debug","component":"http","time":"2026-06-30T05:54:32Z","caller":"/workspaces/picoclaw/web/backend/middleware/middleware.go:64","message":"GET /assets/index-CYpljtc7.css 200 239.467µs"}
{"level":"debug","component":"http","time":"2026-06-30T05:54:32Z","caller":"/workspaces/picoclaw/web/backend/middleware/middleware.go:64","message":"GET /assets/vanilla-DlAR4kjz.js 200 131.806µs"}
{"level":"debug","component":"http","time":"2026-06-30T05:54:32Z","caller":"/workspaces/picoclaw/web/backend/middleware/middleware.go:64","message":"GET /assets/useStore-BpfQCKft.js 200 888.346µs"}
{"level":"debug","component":"http","time":"2026-06-30T05:54:32Z","caller":"/workspaces/picoclaw/web/backend/middleware/middleware.go:64","message":"GET /assets/useRouter-q7PhtPpY.js 200 76.994µs"}
{"level":"debug","component":"http","time":"2026-06-30T05:54:32Z","caller":"/workspaces/picoclaw/web/backend/middleware/middleware.go:64","message":"GET /assets/code-block-BYOpJmmR.js 200 50.734µs"}
{"level":"debug","component":"http","time":"2026-06-30T05:54:34Z","caller":"/workspaces/picoclaw/web/backend/middleware/middleware.go:64","message":"GET /assets/label-C13F3Jt_.js 200 41.628µs"}
{"level":"debug","component":"http","time":"2026-06-30T05:54:34Z","caller":"/workspaces/picoclaw/web/backend/middleware/middleware.go:64","message":"GET /assets/card-DIltRSCu.js 200 18.475µs"}
{"level":"debug","component":"http","time":"2026-06-30T05:54:34Z","caller":"/workspaces/picoclaw/web/backend/middleware/middleware.go:64","message":"GET /assets/launcher-login-DRHoM3sH.js 200 28.243µs"}
{"level":"debug","component":"http","time":"2026-06-30T05:54:34Z","caller":"/workspaces/picoclaw/web/backend/middleware/middleware.go:64","message":"GET /api/auth/status 200 276.696µs"}
{"level":"debug","component":"http","time":"2026-06-30T05:54:42Z","caller":"/workspaces/picoclaw/web/backend/middleware/middleware.go:64","message":"POST /api/auth/login 200 265.44604ms"}
{"level":"debug","component":"http","time":"2026-06-30T05:54:42Z","caller":"/workspaces/picoclaw/web/backend/middleware/middleware.go:64","message":"GET /mobile 200 82.784µs"}
{"level":"debug","component":"http","time":"2026-06-30T05:54:43Z","caller":"/workspaces/picoclaw/web/backend/middleware/middleware.go:64","message":"GET /assets/index-nJOD9FQi.js 200 430.843µs"}
{"level":"debug","component":"http","time":"2026-06-30T05:54:43Z","caller":"/workspaces/picoclaw/web/backend/middleware/middleware.go:64","message":"GET /assets/shim-CE9EdP2i.js 200 195.695µs"}
{"level":"debug","component":"http","time":"2026-06-30T05:54:43Z","caller":"/workspaces/picoclaw/web/backend/middleware/middleware.go:64","message":"GET /assets/index-CYpljtc7.css 200 202.358µs"}
{"level":"debug","component":"http","time":"2026-06-30T05:54:43Z","caller":"/workspaces/picoclaw/web/backend/middleware/middleware.go:64","message":"GET /assets/redirect-DunpSC7m.js 200 342.448µs"}
{"level":"debug","component":"http","time":"2026-06-30T05:54:43Z","caller":"/workspaces/picoclaw/web/backend/middleware/middleware.go:64","message":"GET /assets/vanilla-DlAR4kjz.js 200 696.88µs"}
{"level":"debug","component":"http","time":"2026-06-30T05:54:43Z","caller":"/workspaces/picoclaw/web/backend/middleware/middleware.go:64","message":"GET /assets/http-CKrkVaSU.js 200 15.239µs"}
{"level":"debug","component":"http","time":"2026-06-30T05:54:43Z","caller":"/workspaces/picoclaw/web/backend/middleware/middleware.go:64","message":"GET /assets/input-LKtf6RyI.js 200 720.023µs"}
{"level":"debug","component":"http","time":"2026-06-30T05:54:43Z","caller":"/workspaces/picoclaw/web/backend/middleware/middleware.go:64","message":"GET /assets/useRouter-q7PhtPpY.js 200 35.917µs"}
{"level":"debug","component":"http","time":"2026-06-30T05:54:43Z","caller":"/workspaces/picoclaw/web/backend/middleware/middleware.go:64","message":"GET /assets/code-block-BYOpJmmR.js 200 22.683µs"}
{"level":"debug","component":"http","time":"2026-06-30T05:54:43Z","caller":"/workspaces/picoclaw/web/backend/middleware/middleware.go:64","message":"GET /assets/useStore-BpfQCKft.js 200 175.007µs"}
{"level":"debug","component":"http","time":"2026-06-30T05:54:44Z","caller":"/workspaces/picoclaw/web/backend/middleware/middleware.go:64","message":"GET /assets/mobile-DXiSH1XP.js 200 91.811µs"}
{"level":"debug","component":"http","time":"2026-06-30T05:54:44Z","caller":"/workspaces/picoclaw/web/backend/middleware/middleware.go:64","message":"GET /assets/image-input-CHxsxVLc.js 200 155.77µs"}
{"level":"debug","component":"http","time":"2026-06-30T05:54:44Z","caller":"/workspaces/picoclaw/web/backend/middleware/middleware.go:64","message":"GET /assets/IconChevronDown-_US_OTdS.js 200 40.595µs"}
{"level":"debug","component":"http","time":"2026-06-30T05:54:44Z","caller":"/workspaces/picoclaw/web/backend/middleware/middleware.go:64","message":"GET /assets/IconCheck-DF3XwFBY.js 200 18.475µs"}
{"level":"debug","component":"http","time":"2026-06-30T05:54:44Z","caller":"/workspaces/picoclaw/web/backend/middleware/middleware.go:64","message":"GET /assets/message-code-block-DSmfJ1EE.js 200 120.485µs"}
{"level":"debug","component":"http","time":"2026-06-30T05:54:44Z","caller":"/workspaces/picoclaw/web/backend/middleware/middleware.go:64","message":"GET /assets/IconPlus-yTA9WpDe.js 200 56.835µs"}
{"level":"debug","component":"http","time":"2026-06-30T05:54:44Z","caller":"/workspaces/picoclaw/web/backend/middleware/middleware.go:64","message":"GET /assets/IconDownload-Cg2iz88f.js 200 18.795µs"}
{"level":"debug","component":"http","time":"2026-06-30T05:54:44Z","caller":"/workspaces/picoclaw/web/backend/middleware/middleware.go:64","message":"GET /assets/lib-BNqUY0US.js 200 380.209µs"}
{"level":"debug","component":"http","time":"2026-06-30T05:54:45Z","caller":"/workspaces/picoclaw/web/backend/middleware/middleware.go:64","message":"GET /api/auth/status 200 253.964µs"}
{"level":"debug","component":"http","time":"2026-06-30T05:54:45Z","caller":"/workspaces/picoclaw/web/backend/middleware/middleware.go:64","message":"GET /api/sessions/6378c9b2-590a-4beb-ac04-b638381f53db 404 9.878463ms"}
{"level":"debug","component":"http","time":"2026-06-30T05:54:45Z","caller":"/workspaces/picoclaw/web/backend/middleware/middleware.go:64","message":"GET /api/gateway/status 200 23.422939ms"}
{"level":"debug","component":"http","time":"2026-06-30T05:54:48Z","caller":"/workspaces/picoclaw/web/backend/middleware/middleware.go:64","message":"GET /api/gateway/status 200 12.099438ms"}
{"level":"debug","component":"http","time":"2026-06-30T05:54:50Z","caller":"/workspaces/picoclaw/web/backend/middleware/middleware.go:64","message":"GET /api/gateway/status 200 10.436707ms"}
{"level":"debug","component":"http","time":"2026-06-30T05:54:52Z","caller":"/workspaces/picoclaw/web/backend/middleware/middleware.go:64","message":"GET /api/gateway/status 200 11.588575ms"}
{"level":"debug","component":"http","time":"2026-06-30T05:54:54Z","caller":"/workspaces/picoclaw/web/backend/middleware/middleware.go:64","message":"GET /api/gateway/status 200 9.778222ms"}
{"level":"debug","component":"http","time":"2026-06-30T05:54:57Z","caller":"/workspaces/picoclaw/web/backend/middleware/middleware.go:64","message":"GET /api/gateway/status 200 14.058856ms"}
{"level":"debug","component":"http","time":"2026-06-30T05:54:59Z","caller":"/workspaces/picoclaw/web/backend/middleware/middleware.go:64","message":"GET /api/gateway/status 200 10.18483ms"}
{"level":"debug","component":"http","time":"2026-06-30T05:55:01Z","caller":"/workspaces/picoclaw/web/backend/middleware/middleware.go:64","message":"GET /api/gateway/status 200 10.953792ms"}
{"level":"debug","component":"http","time":"2026-06-30T05:55:04Z","caller":"/workspaces/picoclaw/web/backend/middleware/middleware.go:64","message":"GET /api/gateway/status 200 10.35289ms"}
{"level":"debug","component":"http","time":"2026-06-30T05:55:06Z","caller":"/workspaces/picoclaw/web/backend/middleware/middleware.go:64","message":"GET /api/gateway/status 200 11.380237ms"}
{"level":"debug","component":"http","time":"2026-06-30T05:55:08Z","caller":"/workspaces/picoclaw/web/backend/middleware/middleware.go:64","message":"GET /api/gateway/status 200 10.918969ms"}
{"level":"debug","component":"http","time":"2026-06-30T05:55:11Z","caller":"/workspaces/picoclaw/web/backend/middleware/middleware.go:64","message":"GET /api/gateway/status 200 10.272831ms"}
{"level":"debug","component":"http","time":"2026-06-30T05:55:13Z","caller":"/workspaces/picoclaw/web/backend/middleware/middleware.go:64","message":"GET /api/gateway/status 200 10.009ms"}
{"level":"debug","component":"http","time":"2026-06-30T05:55:15Z","caller":"/workspaces/picoclaw/web/backend/middleware/middleware.go:64","message":"GET /api/gateway/status 200 10.870386ms"}
{"level":"debug","component":"http","time":"2026-06-30T05:55:18Z","caller":"/workspaces/picoclaw/web/backend/middleware/middleware.go:64","message":"GET /api/gateway/status 200 10.352951ms"}
{"level":"debug","component":"http","time":"2026-06-30T05:55:20Z","caller":"/workspaces/picoclaw/web/backend/middleware/middleware.go:64","message":"GET /api/gateway/status 200 11.642115ms"}
{"level":"debug","component":"http","time":"2026-06-30T05:55:23Z","caller":"/workspaces/picoclaw/web/backend/middleware/middleware.go:64","message":"GET /api/gateway/status 200 40.745079ms"}
{"level":"debug","component":"http","time":"2026-06-30T05:55:26Z","caller":"/workspaces/picoclaw/web/backend/middleware/middleware.go:64","message":"GET /api/gateway/status 200 11.442694ms"}
{"level":"debug","component":"http","time":"2026-06-30T05:55:29Z","caller":"/workspaces/picoclaw/web/backend/middleware/middleware.go:64","message":"GET /api/gateway/status 200 10.650025ms"}
{"level":"debug","component":"http","time":"2026-06-30T05:55:32Z","caller":"/workspaces/picoclaw/web/backend/middleware/middleware.go:64","message":"GET /api/gateway/status 200 9.74664ms"}
{"level":"debug","component":"http","time":"2026-06-30T05:55:35Z","caller":"/workspaces/picoclaw/web/backend/middleware/middleware.go:64","message":"GET /api/gateway/status 200 10.679758ms"}
{"level":"debug","component":"http","time":"2026-06-30T05:55:38Z","caller":"/workspaces/picoclaw/web/backend/middleware/middleware.go:64","message":"GET /api/gateway/status 200 9.891721ms"}
{"level":"debug","component":"http","time":"2026-06-30T05:55:41Z","caller":"/workspaces/picoclaw/web/backend/middleware/middleware.go:64","message":"GET /api/gateway/status 200 18.384925ms"}
{"level":"debug","component":"http","time":"2026-06-30T05:55:45Z","caller":"/workspaces/picoclaw/web/backend/middleware/middleware.go:64","message":"GET /api/gateway/status 200 11.888044ms"}
{"level":"debug","component":"http","time":"2026-06-30T05:55:47Z","caller":"/workspaces/picoclaw/web/backend/middleware/middleware.go:64","message":"GET /api/gateway/status 200 10.975385ms"}
{"level":"debug","component":"http","time":"2026-06-30T05:55:50Z","caller":"/workspaces/picoclaw/web/backend/middleware/middleware.go:64","message":"GET /api/gateway/status 200 12.329267ms"}
{"level":"debug","component":"http","time":"2026-06-30T05:55:53Z","caller":"/workspaces/picoclaw/web/backend/middleware/middleware.go:64","message":"GET /api/gateway/status 200 9.954385ms"}
{"level":"debug","component":"http","time":"2026-06-30T05:55:56Z","caller":"/workspaces/picoclaw/web/backend/middleware/middleware.go:64","message":"GET /api/gateway/status 200 11.162721ms"}
{"level":"debug","component":"http","time":"2026-06-30T05:55:59Z","caller":"/workspaces/picoclaw/web/backend/middleware/middleware.go:64","message":"GET /api/gateway/status 200 14.559439ms"}
{"level":"debug","component":"http","time":"2026-06-30T05:56:02Z","caller":"/workspaces/picoclaw/web/backend/middleware/middleware.go:64","message":"GET /api/gateway/status 200 10.855606ms"}
{"level":"debug","component":"http","time":"2026-06-30T05:56:05Z","caller":"/workspaces/picoclaw/web/backend/middleware/middleware.go:64","message":"GET /api/gateway/status 200 10.109003ms"}
{"level":"debug","component":"http","time":"2026-06-30T05:56:08Z","caller":"/workspaces/picoclaw/web/backend/middleware/middleware.go:64","message":"GET /api/gateway/status 200 11.239294ms"}
{"level":"debug","component":"http","time":"2026-06-30T05:56:11Z","caller":"/workspaces/picoclaw/web/backend/middleware/middleware.go:64","message":"GET /api/gateway/status 200 11.924903ms"}
{"level":"debug","component":"http","time":"2026-06-30T05:56:15Z","caller":"/workspaces/picoclaw/web/backend/middleware/middleware.go:64","message":"GET /api/gateway/status 200 11.379533ms"}
{"level":"debug","component":"http","time":"2026-06-30T05:56:17Z","caller":"/workspaces/picoclaw/web/backend/middleware/middleware.go:64","message":"GET /api/gateway/status 200 12.111534ms"}
{"level":"debug","component":"http","time":"2026-06-30T05:56:20Z","caller":"/workspaces/picoclaw/web/backend/middleware/middleware.go:64","message":"GET /api/gateway/status 200 10.045667ms"}
{"level":"debug","component":"http","time":"2026-06-30T05:56:23Z","caller":"/workspaces/picoclaw/web/backend/middleware/middleware.go:64","message":"GET /api/gateway/status 200 12.67384ms"}
{"level":"debug","component":"http","time":"2026-06-30T05:56:26Z","caller":"/workspaces/picoclaw/web/backend/middleware/middleware.go:64","message":"GET /api/gateway/status 200 11.570098ms"}
{"level":"debug","component":"http","time":"2026-06-30T05:56:29Z","caller":"/workspaces/picoclaw/web/backend/middleware/middleware.go:64","message":"GET /api/gateway/status 200 10.096593ms"}
{"level":"debug","component":"http","time":"2026-06-30T05:56:32Z","caller":"/workspaces/picoclaw/web/backend/middleware/middleware.go:64","message":"GET /api/gateway/status 200 11.38318ms"}
{"level":"debug","component":"http","time":"2026-06-30T05:56:35Z","caller":"/workspaces/picoclaw/web/backend/middleware/middleware.go:64","message":"GET /api/gateway/status 200 17.115527ms"}
{"level":"debug","component":"http","time":"2026-06-30T05:56:38Z","caller":"/workspaces/picoclaw/web/backend/middleware/middleware.go:64","message":"GET /api/gateway/status 200 13.049843ms"}
{"level":"debug","component":"http","time":"2026-06-30T05:56:41Z","caller":"/workspaces/picoclaw/web/backend/middleware/middleware.go:64","message":"GET /api/gateway/status 200 11.781806ms"}
{"level":"debug","component":"http","time":"2026-06-30T05:56:45Z","caller":"/workspaces/picoclaw/web/backend/middleware/middleware.go:64","message":"GET /api/gateway/status 200 10.040368ms"}
{"level":"debug","component":"http","time":"2026-06-30T05:56:47Z","caller":"/workspaces/picoclaw/web/backend/middleware/middleware.go:64","message":"GET /api/gateway/status 200 13.031469ms"}
{"level":"debug","component":"http","time":"2026-06-30T05:56:50Z","caller":"/workspaces/picoclaw/web/backend/middleware/middleware.go:64","message":"GET /api/gateway/status 200 26.302981ms"}
{"level":"debug","component":"http","time":"2026-06-30T05:56:53Z","caller":"/workspaces/picoclaw/web/backend/middleware/middleware.go:64","message":"GET /api/gateway/status 200 13.559872ms"}
{"level":"debug","component":"http","time":"2026-06-30T05:56:56Z","caller":"/workspaces/picoclaw/web/backend/middleware/middleware.go:64","message":"GET /api/gateway/status 200 11.679675ms"}
{"level":"debug","component":"http","time":"2026-06-30T05:56:59Z","caller":"/workspaces/picoclaw/web/backend/middleware/middleware.go:64","message":"GET /api/gateway/status 200 13.025606ms"}
{"level":"debug","component":"http","time":"2026-06-30T05:57:02Z","caller":"/workspaces/picoclaw/web/backend/middleware/middleware.go:64","message":"GET /api/gateway/status 200 11.107167ms"}
{"level":"debug","component":"http","time":"2026-06-30T05:57:05Z","caller":"/workspaces/picoclaw/web/backend/middleware/middleware.go:64","message":"GET /api/gateway/status 200 12.8337ms"}
{"level":"debug","component":"http","time":"2026-06-30T05:57:08Z","caller":"/workspaces/picoclaw/web/backend/middleware/middleware.go:64","message":"GET /api/gateway/status 200 11.182796ms"}
{"level":"debug","component":"http","time":"2026-06-30T05:57:11Z","caller":"/workspaces/picoclaw/web/backend/middleware/middleware.go:64","message":"GET /api/gateway/status 200 12.61011ms"}
{"level":"debug","component":"http","time":"2026-06-30T05:57:15Z","caller":"/workspaces/picoclaw/web/backend/middleware/middleware.go:64","message":"GET /api/gateway/status 200 13.68198ms"}
{"level":"debug","component":"http","time":"2026-06-30T05:57:17Z","caller":"/workspaces/picoclaw/web/backend/middleware/middleware.go:64","message":"GET /api/gateway/status 200 11.819824ms"}
{"level":"debug","component":"http","time":"2026-06-30T05:57:20Z","caller":"/workspaces/picoclaw/web/backend/middleware/middleware.go:64","message":"GET /api/gateway/status 200 11.511541ms"}
{"level":"debug","component":"http","time":"2026-06-30T05:57:23Z","caller":"/workspaces/picoclaw/web/backend/middleware/middleware.go:64","message":"GET /api/gateway/status 200 47.051953ms"}
{"level":"debug","component":"http","time":"2026-06-30T05:57:26Z","caller":"/workspaces/picoclaw/web/backend/middleware/middleware.go:64","message":"GET /api/gateway/status 200 11.558439ms"}
{"level":"debug","component":"http","time":"2026-06-30T05:57:29Z","caller":"/workspaces/picoclaw/web/backend/middleware/middleware.go:64","message":"GET /api/gateway/status 200 11.741327ms"}
{"level":"debug","component":"http","time":"2026-06-30T05:57:32Z","caller":"/workspaces/picoclaw/web/backend/middleware/middleware.go:64","message":"GET /api/gateway/status 200 11.29632ms"}
{"level":"debug","component":"http","time":"2026-06-30T05:57:35Z","caller":"/workspaces/picoclaw/web/backend/middleware/middleware.go:64","message":"GET /api/gateway/status 200 14.548594ms"}
{"level":"debug","component":"http","time":"2026-06-30T05:57:38Z","caller":"/workspaces/picoclaw/web/backend/middleware/middleware.go:64","message":"GET /api/gateway/status 200 9.624284ms"}
{"level":"debug","component":"http","time":"2026-06-30T05:57:41Z","caller":"/workspaces/picoclaw/web/backend/middleware/middleware.go:64","message":"GET /api/gateway/status 200 11.123014ms"}
{"level":"debug","component":"http","time":"2026-06-30T05:57:45Z","caller":"/workspaces/picoclaw/web/backend/middleware/middleware.go:64","message":"GET /api/gateway/status 200 17.264312ms"}
{"level":"debug","component":"http","time":"2026-06-30T05:57:47Z","caller":"/workspaces/picoclaw/web/backend/middleware/middleware.go:64","message":"GET /api/gateway/status 200 19.817613ms"}
{"level":"debug","component":"http","time":"2026-06-30T05:57:50Z","caller":"/workspaces/picoclaw/web/backend/middleware/middleware.go:64","message":"GET /api/gateway/status 200 10.074711ms"}
{"level":"debug","component":"http","time":"2026-06-30T05:57:53Z","caller":"/workspaces/picoclaw/web/backend/middleware/middleware.go:64","message":"GET /api/gateway/status 200 11.548493ms"}
{"level":"debug","component":"http","time":"2026-06-30T05:57:56Z","caller":"/workspaces/picoclaw/web/backend/middleware/middleware.go:64","message":"GET /api/gateway/status 200 13.339752ms"}
{"level":"debug","component":"http","time":"2026-06-30T05:57:59Z","caller":"/workspaces/picoclaw/web/backend/middleware/middleware.go:64","message":"GET /api/gateway/status 200 11.842577ms"}
{"level":"debug","component":"http","time":"2026-06-30T05:58:02Z","caller":"/workspaces/picoclaw/web/backend/middleware/middleware.go:64","message":"GET /api/gateway/status 200 11.666741ms"}
{"level":"debug","component":"http","time":"2026-06-30T05:58:05Z","caller":"/workspaces/picoclaw/web/backend/middleware/middleware.go:64","message":"GET /api/gateway/status 200 12.246214ms"}
{"level":"debug","component":"http","time":"2026-06-30T05:58:08Z","caller":"/workspaces/picoclaw/web/backend/middleware/middleware.go:64","message":"GET /api/gateway/status 200 10.723793ms"}
{"level":"debug","component":"http","time":"2026-06-30T05:58:11Z","caller":"/workspaces/picoclaw/web/backend/middleware/middleware.go:64","message":"GET /api/gateway/status 200 10.471983ms"}
{"level":"debug","component":"http","time":"2026-06-30T05:58:15Z","caller":"/workspaces/picoclaw/web/backend/middleware/middleware.go:64","message":"GET /api/gateway/status 200 11.579301ms"}
{"level":"debug","component":"http","time":"2026-06-30T05:58:18Z","caller":"/workspaces/picoclaw/web/backend/middleware/middleware.go:64","message":"GET /api/gateway/status 200 10.818531ms"}
{"level":"debug","component":"http","time":"2026-06-30T05:58:20Z","caller":"/workspaces/picoclaw/web/backend/middleware/middleware.go:64","message":"GET /api/gateway/status 200 10.225613ms"}
{"level":"debug","component":"http","time":"2026-06-30T05:58:23Z","caller":"/workspaces/picoclaw/web/backend/middleware/middleware.go:64","message":"GET /api/gateway/status 200 11.500051ms"}
{"level":"debug","component":"http","time":"2026-06-30T05:58:25Z","caller":"/workspaces/picoclaw/web/backend/middleware/middleware.go:64","message":"GET /api/gateway/status 200 22.028969ms"}
{"level":"debug","component":"http","time":"2026-06-30T05:58:27Z","caller":"/workspaces/picoclaw/web/backend/middleware/middleware.go:64","message":"GET /api/gateway/status 200 13.067294ms"}
{"level":"debug","component":"http","time":"2026-06-30T05:58:30Z","caller":"/workspaces/picoclaw/web/backend/middleware/middleware.go:64","message":"GET /api/gateway/status 200 10.516694ms"}
{"level":"debug","component":"http","time":"2026-06-30T05:58:32Z","caller":"/workspaces/picoclaw/web/backend/middleware/middleware.go:64","message":"GET /api/gateway/status 200 17.983113ms"}
{"level":"debug","component":"http","time":"2026-06-30T05:58:34Z","caller":"/workspaces/picoclaw/web/backend/middleware/middleware.go:64","message":"GET /api/gateway/status 200 11.611801ms"}
{"level":"debug","component":"http","time":"2026-06-30T05:58:37Z","caller":"/workspaces/picoclaw/web/backend/middleware/middleware.go:64","message":"GET /api/gateway/status 200 9.949872ms"}
{"level":"debug","component":"http","time":"2026-06-30T05:58:39Z","caller":"/workspaces/picoclaw/web/backend/middleware/middleware.go:64","message":"GET /api/gateway/status 200 11.739506ms"}
{"level":"debug","component":"http","time":"2026-06-30T05:58:41Z","caller":"/workspaces/picoclaw/web/backend/middleware/middleware.go:64","message":"GET /api/gateway/status 200 10.371525ms"}
{"level":"debug","component":"http","time":"2026-06-30T05:58:44Z","caller":"/workspaces/picoclaw/web/backend/middleware/middleware.go:64","message":"GET /api/gateway/status 200 11.76757ms"}
{"level":"debug","component":"http","time":"2026-06-30T05:58:46Z","caller":"/workspaces/picoclaw/web/backend/middleware/middleware.go:64","message":"GET /api/gateway/status 200 10.46389ms"}
{"level":"debug","component":"http","time":"2026-06-30T05:58:48Z","caller":"/workspaces/picoclaw/web/backend/middleware/middleware.go:64","message":"GET /api/gateway/status 200 26.825629ms"}
{"level":"debug","component":"http","time":"2026-06-30T05:58:51Z","caller":"/workspaces/picoclaw/web/backend/middleware/middleware.go:64","message":"GET /api/gateway/status 200 9.604083ms"}
{"level":"debug","component":"http","time":"2026-06-30T05:58:53Z","caller":"/workspaces/picoclaw/web/backend/middleware/middleware.go:64","message":"GET /api/gateway/status 200 11.422914ms"}
{"level":"debug","component":"http","time":"2026-06-30T05:58:55Z","caller":"/workspaces/picoclaw/web/backend/middleware/middleware.go:64","message":"GET /api/gateway/status 200 9.802164ms"}
{"level":"debug","component":"http","time":"2026-06-30T05:58:58Z","caller":"/workspaces/picoclaw/web/backend/middleware/middleware.go:64","message":"GET /api/gateway/status 200 11.318715ms"}
{"level":"debug","component":"http","time":"2026-06-30T05:59:00Z","caller":"/workspaces/picoclaw/web/backend/middleware/middleware.go:64","message":"GET /api/gateway/status 200 10.267632ms"}
{"level":"debug","component":"http","time":"2026-06-30T05:59:02Z","caller":"/workspaces/picoclaw/web/backend/middleware/middleware.go:64","message":"GET /api/gateway/status 200 11.817783ms"}
{"level":"debug","component":"http","time":"2026-06-30T05:59:04Z","caller":"/workspaces/picoclaw/web/backend/middleware/middleware.go:64","message":"GET /api/gateway/status 200 10.094529ms"}
{"level":"debug","component":"http","time":"2026-06-30T05:59:07Z","caller":"/workspaces/picoclaw/web/backend/middleware/middleware.go:64","message":"GET /api/gateway/status 200 28.779012ms"}
{"level":"debug","component":"http","time":"2026-06-30T05:59:09Z","caller":"/workspaces/picoclaw/web/backend/middleware/middleware.go:64","message":"GET /api/gateway/status 200 9.788648ms"}
{"level":"debug","component":"http","time":"2026-06-30T05:59:11Z","caller":"/workspaces/picoclaw/web/backend/middleware/middleware.go:64","message":"GET /api/gateway/status 200 11.526878ms"}
{"level":"debug","component":"http","time":"2026-06-30T05:59:14Z","caller":"/workspaces/picoclaw/web/backend/middleware/middleware.go:64","message":"GET /api/gateway/status 200 11.812082ms"}
{"level":"debug","component":"http","time":"2026-06-30T05:59:16Z","caller":"/workspaces/picoclaw/web/backend/middleware/middleware.go:64","message":"GET /api/gateway/status 200 10.143608ms"}
{"level":"debug","component":"http","time":"2026-06-30T05:59:19Z","caller":"/workspaces/picoclaw/web/backend/middleware/middleware.go:64","message":"GET /api/gateway/status 200 11.442042ms"}
{"level":"debug","component":"http","time":"2026-06-30T05:59:21Z","caller":"/workspaces/picoclaw/web/backend/middleware/middleware.go:64","message":"GET /api/gateway/status 200 10.665977ms"}
{"level":"debug","component":"http","time":"2026-06-30T05:59:23Z","caller":"/workspaces/picoclaw/web/backend/middleware/middleware.go:64","message":"GET /api/gateway/status 200 32.571066ms"}
{"level":"debug","component":"http","time":"2026-06-30T05:59:26Z","caller":"/workspaces/picoclaw/web/backend/middleware/middleware.go:64","message":"GET /api/gateway/status 200 10.286417ms"}
{"level":"debug","component":"http","time":"2026-06-30T05:59:28Z","caller":"/workspaces/picoclaw/web/backend/middleware/middleware.go:64","message":"GET /api/gateway/status 200 11.079696ms"}
{"level":"debug","component":"http","time":"2026-06-30T05:59:31Z","caller":"/workspaces/picoclaw/web/backend/middleware/middleware.go:64","message":"GET /api/gateway/status 200 9.867695ms"}
{"level":"debug","component":"http","time":"2026-06-30T05:59:33Z","caller":"/workspaces/picoclaw/web/backend/middleware/middleware.go:64","message":"GET /api/gateway/status 200 10.993626ms"}
{"level":"debug","component":"http","time":"2026-06-30T05:59:35Z","caller":"/workspaces/picoclaw/web/backend/middleware/middleware.go:64","message":"GET /api/gateway/status 200 11.866316ms"}
{"level":"debug","component":"http","time":"2026-06-30T05:59:38Z","caller":"/workspaces/picoclaw/web/backend/middleware/middleware.go:64","message":"GET /api/gateway/status 200 13.204822ms"}
{"level":"debug","component":"http","time":"2026-06-30T05:59:40Z","caller":"/workspaces/picoclaw/web/backend/middleware/middleware.go:64","message":"GET /api/gateway/status 200 10.129153ms"}
{"level":"debug","component":"http","time":"2026-06-30T05:59:42Z","caller":"/workspaces/picoclaw/web/backend/middleware/middleware.go:64","message":"GET /api/gateway/status 200 14.274536ms"}
{"level":"debug","component":"http","time":"2026-06-30T05:59:45Z","caller":"/workspaces/picoclaw/web/backend/middleware/middleware.go:64","message":"GET /api/gateway/status 200 10.188855ms"}
{"level":"debug","component":"http","time":"2026-06-30T05:59:47Z","caller":"/workspaces/picoclaw/web/backend/middleware/middleware.go:64","message":"GET /api/gateway/status 200 12.401782ms"}
{"level":"debug","component":"http","time":"2026-06-30T05:59:49Z","caller":"/workspaces/picoclaw/web/backend/middleware/middleware.go:64","message":"GET /api/gateway/status 200 11.612981ms"}
{"level":"debug","component":"http","time":"2026-06-30T05:59:51Z","caller":"/workspaces/picoclaw/web/backend/middleware/middleware.go:64","message":"GET / 200 42.089µs"}
{"level":"debug","component":"http","time":"2026-06-30T05:59:51Z","caller":"/workspaces/picoclaw/web/backend/middleware/middleware.go:64","message":"GET /assets/shim-CE9EdP2i.js 200 432.977µs"}
{"level":"debug","component":"http","time":"2026-06-30T05:59:51Z","caller":"/workspaces/picoclaw/web/backend/middleware/middleware.go:64","message":"GET /assets/useStore-BpfQCKft.js 200 151.322µs"}
{"level":"debug","component":"http","time":"2026-06-30T05:59:51Z","caller":"/workspaces/picoclaw/web/backend/middleware/middleware.go:64","message":"GET /assets/useRouter-q7PhtPpY.js 200 27.792µs"}
{"level":"debug","component":"http","time":"2026-06-30T05:59:51Z","caller":"/workspaces/picoclaw/web/backend/middleware/middleware.go:64","message":"GET /assets/vanilla-DlAR4kjz.js 200 97.692µs"}
{"level":"debug","component":"http","time":"2026-06-30T05:59:51Z","caller":"/workspaces/picoclaw/web/backend/middleware/middleware.go:64","message":"GET /assets/redirect-DunpSC7m.js 200 2.337781ms"}
{"level":"debug","component":"http","time":"2026-06-30T05:59:51Z","caller":"/workspaces/picoclaw/web/backend/middleware/middleware.go:64","message":"GET /assets/http-CKrkVaSU.js 200 41.998µs"}
{"level":"debug","component":"http","time":"2026-06-30T05:59:51Z","caller":"/workspaces/picoclaw/web/backend/middleware/middleware.go:64","message":"GET /assets/code-block-BYOpJmmR.js 200 46.306µs"}
{"level":"debug","component":"http","time":"2026-06-30T05:59:51Z","caller":"/workspaces/picoclaw/web/backend/middleware/middleware.go:64","message":"GET /assets/input-LKtf6RyI.js 200 93.324µs"}
{"level":"debug","component":"http","time":"2026-06-30T05:59:51Z","caller":"/workspaces/picoclaw/web/backend/middleware/middleware.go:64","message":"GET /assets/index-nJOD9FQi.js 200 458.435µs"}
{"level":"debug","component":"http","time":"2026-06-30T05:59:51Z","caller":"/workspaces/picoclaw/web/backend/middleware/middleware.go:64","message":"GET /assets/index-CYpljtc7.css 200 228.216µs"}
{"level":"debug","component":"http","time":"2026-06-30T05:59:52Z","caller":"/workspaces/picoclaw/web/backend/middleware/middleware.go:64","message":"GET /api/gateway/status 200 10.344886ms"}
{"level":"debug","component":"http","time":"2026-06-30T05:59:53Z","caller":"/workspaces/picoclaw/web/backend/middleware/middleware.go:64","message":"GET /assets/routes-q6H_hxzk.js 200 384.106µs"}
{"level":"debug","component":"http","time":"2026-06-30T05:59:53Z","caller":"/workspaces/picoclaw/web/backend/middleware/middleware.go:64","message":"GET /assets/IconDownload-Cg2iz88f.js 200 19.316µs"}
{"level":"debug","component":"http","time":"2026-06-30T05:59:53Z","caller":"/workspaces/picoclaw/web/backend/middleware/middleware.go:64","message":"GET /assets/lib-BNqUY0US.js 200 449.829µs"}
{"level":"debug","component":"http","time":"2026-06-30T05:59:53Z","caller":"/workspaces/picoclaw/web/backend/middleware/middleware.go:64","message":"GET /assets/IconChevronDown-_US_OTdS.js 200 18.465µs"}
{"level":"debug","component":"http","time":"2026-06-30T05:59:53Z","caller":"/workspaces/picoclaw/web/backend/middleware/middleware.go:64","message":"GET /assets/message-code-block-DSmfJ1EE.js 200 285.652µs"}
{"level":"debug","component":"http","time":"2026-06-30T05:59:53Z","caller":"/workspaces/picoclaw/web/backend/middleware/middleware.go:64","message":"GET /assets/IconCheck-DF3XwFBY.js 200 15.72µs"}
{"level":"debug","component":"http","time":"2026-06-30T05:59:53Z","caller":"/workspaces/picoclaw/web/backend/middleware/middleware.go:64","message":"GET /assets/image-input-CHxsxVLc.js 200 130.353µs"}
{"level":"debug","component":"http","time":"2026-06-30T05:59:53Z","caller":"/workspaces/picoclaw/web/backend/middleware/middleware.go:64","message":"GET /assets/dist-BsSbGZ4A.js 200 27.141µs"}
{"level":"debug","component":"http","time":"2026-06-30T05:59:53Z","caller":"/workspaces/picoclaw/web/backend/middleware/middleware.go:64","message":"GET /assets/IconPlus-yTA9WpDe.js 200 15.428µs"}
{"level":"debug","component":"http","time":"2026-06-30T05:59:53Z","caller":"/workspaces/picoclaw/web/backend/middleware/middleware.go:64","message":"GET /assets/models-Dp3huG7y.js 200 23.964µs"}
{"level":"debug","component":"http","time":"2026-06-30T05:59:53Z","caller":"/workspaces/picoclaw/web/backend/middleware/middleware.go:64","message":"GET /assets/select-CgkX2lwK.js 200 389.958µs"}
{"level":"debug","component":"http","time":"2026-06-30T05:59:53Z","caller":"/workspaces/picoclaw/web/backend/middleware/middleware.go:64","message":"GET /assets/restart-required-CBxwpNuE.js 200 1.609713ms"}
{"level":"debug","component":"http","time":"2026-06-30T05:59:53Z","caller":"/workspaces/picoclaw/web/backend/middleware/middleware.go:64","message":"GET /assets/IconTrash-D1RErGVA.js 200 37.891µs"}
{"level":"debug","component":"http","time":"2026-06-30T05:59:53Z","caller":"/workspaces/picoclaw/web/backend/middleware/middleware.go:64","message":"GET /assets/page-header-DmIvLV_5.js 200 45.905µs"}
{"level":"debug","component":"http","time":"2026-06-30T05:59:53Z","caller":"/workspaces/picoclaw/web/backend/middleware/middleware.go:64","message":"GET /assets/scroll-area-TLn_B9NV.js 200 104.244µs"}
{"level":"debug","component":"http","time":"2026-06-30T05:59:54Z","caller":"/workspaces/picoclaw/web/backend/middleware/middleware.go:64","message":"GET /api/channels/catalog 200 87.704µs"}
{"level":"debug","component":"http","time":"2026-06-30T05:59:54Z","caller":"/workspaces/picoclaw/web/backend/middleware/middleware.go:64","message":"GET /api/auth/status 200 408.282µs"}
{"level":"debug","component":"http","time":"2026-06-30T05:59:54Z","caller":"/workspaces/picoclaw/web/backend/middleware/middleware.go:64","message":"GET /logo_with_text.png 200 157.504µs"}
{"level":"debug","component":"http","time":"2026-06-30T05:59:54Z","caller":"/workspaces/picoclaw/web/backend/middleware/middleware.go:64","message":"GET /api/config 200 20.231404ms"}
{"level":"debug","component":"http","time":"2026-06-30T05:59:54Z","caller":"/workspaces/picoclaw/web/backend/middleware/middleware.go:64","message":"GET /api/gateway/status 200 25.75141ms"}
{"level":"debug","component":"http","time":"2026-06-30T05:59:54Z","caller":"/workspaces/picoclaw/web/backend/middleware/middleware.go:64","message":"GET /api/models 200 8.113263ms"}
{"level":"debug","component":"http","time":"2026-06-30T05:59:54Z","caller":"/workspaces/picoclaw/web/backend/middleware/middleware.go:64","message":"GET /lark.svg 200 35.206µs"}
{"level":"debug","component":"http","time":"2026-06-30T05:59:55Z","caller":"/workspaces/picoclaw/web/backend/middleware/middleware.go:64","message":"GET /api/gateway/status 200 10.991432ms"}
{"level":"debug","component":"http","time":"2026-06-30T05:59:56Z","caller":"/workspaces/picoclaw/web/backend/middleware/middleware.go:64","message":"GET /api/gateway/status 200 9.967051ms"}
{"level":"debug","component":"http","time":"2026-06-30T05:59:58Z","caller":"/workspaces/picoclaw/web/backend/middleware/middleware.go:64","message":"GET /api/gateway/status 200 39.792573ms"}
{"level":"debug","component":"http","time":"2026-06-30T05:59:59Z","caller":"/workspaces/picoclaw/web/backend/middleware/middleware.go:64","message":"GET /api/gateway/status 200 20.607876ms"}
{"level":"debug","component":"http","time":"2026-06-30T06:00:01Z","caller":"/workspaces/picoclaw/web/backend/middleware/middleware.go:64","message":"GET /api/gateway/status 200 11.324195ms"}
{"level":"debug","component":"http","time":"2026-06-30T06:00:01Z","caller":"/workspaces/picoclaw/web/backend/middleware/middleware.go:64","message":"GET /api/gateway/status 200 10.953789ms"}
{"level":"debug","component":"http","time":"2026-06-30T06:00:03Z","caller":"/workspaces/picoclaw/web/backend/middleware/middleware.go:64","message":"GET /api/gateway/status 200 12.873876ms"}
{"level":"debug","component":"http","time":"2026-06-30T06:00:04Z","caller":"/workspaces/picoclaw/web/backend/middleware/middleware.go:64","message":"GET /api/gateway/status 200 10.452234ms"}
{"level":"debug","component":"http","time":"2026-06-30T06:00:06Z","caller":"/workspaces/picoclaw/web/backend/middleware/middleware.go:64","message":"GET /api/gateway/status 200 11.082374ms"}
{"level":"debug","component":"http","time":"2026-06-30T06:00:06Z","caller":"/workspaces/picoclaw/web/backend/middleware/middleware.go:64","message":"GET /api/gateway/status 200 9.896019ms"}
{"level":"debug","component":"http","time":"2026-06-30T06:00:08Z","caller":"/workspaces/picoclaw/web/backend/middleware/middleware.go:64","message":"GET /api/gateway/status 200 11.80031ms"}
{"level":"debug","component":"http","time":"2026-06-30T06:00:09Z","caller":"/workspaces/picoclaw/web/backend/middleware/middleware.go:64","message":"GET /api/gateway/status 200 13.375008ms"}
{"level":"debug","component":"http","time":"2026-06-30T06:00:11Z","caller":"/workspaces/picoclaw/web/backend/middleware/middleware.go:64","message":"GET /api/gateway/status 200 19.843503ms"}
{"level":"debug","component":"http","time":"2026-06-30T06:00:12Z","caller":"/workspaces/picoclaw/web/backend/middleware/middleware.go:64","message":"GET /api/gateway/status 200 11.127866ms"}
{"level":"debug","component":"http","time":"2026-06-30T06:00:14Z","caller":"/workspaces/picoclaw/web/backend/middleware/middleware.go:64","message":"GET /api/gateway/status 200 9.930516ms"}
{"level":"debug","component":"http","time":"2026-06-30T06:00:14Z","caller":"/workspaces/picoclaw/web/backend/middleware/middleware.go:64","message":"GET /api/gateway/status 200 10.915711ms"}
{"level":"debug","component":"http","time":"2026-06-30T06:00:16Z","caller":"/workspaces/picoclaw/web/backend/middleware/middleware.go:64","message":"GET /api/gateway/status 200 9.71987ms"}
{"level":"debug","component":"http","time":"2026-06-30T06:00:17Z","caller":"/workspaces/picoclaw/web/backend/middleware/middleware.go:64","message":"GET /api/gateway/status 200 10.911424ms"}
{"level":"debug","component":"http","time":"2026-06-30T06:00:19Z","caller":"/workspaces/picoclaw/web/backend/middleware/middleware.go:64","message":"GET /api/gateway/status 200 9.76315ms"}
{"level":"debug","component":"http","time":"2026-06-30T06:00:19Z","caller":"/workspaces/picoclaw/web/backend/middleware/middleware.go:64","message":"GET /api/gateway/status 200 11.818505ms"}
{"level":"debug","component":"http","time":"2026-06-30T06:00:21Z","caller":"/workspaces/picoclaw/web/backend/middleware/middleware.go:64","message":"GET /api/gateway/status 200 15.787898ms"}
{"level":"debug","component":"http","time":"2026-06-30T06:00:22Z","caller":"/workspaces/picoclaw/web/backend/middleware/middleware.go:64","message":"GET /api/gateway/status 200 10.632315ms"}
{"level":"debug","component":"http","time":"2026-06-30T06:00:24Z","caller":"/workspaces/picoclaw/web/backend/middleware/middleware.go:64","message":"GET /api/gateway/status 200 9.814556ms"}
{"level":"debug","component":"http","time":"2026-06-30T06:00:24Z","caller":"/workspaces/picoclaw/web/backend/middleware/middleware.go:64","message":"GET /api/gateway/status 200 10.251882ms"}
{"level":"debug","component":"http","time":"2026-06-30T06:00:26Z","caller":"/workspaces/picoclaw/web/backend/middleware/middleware.go:64","message":"GET /api/gateway/status 200 10.282289ms"}
{"level":"debug","component":"http","time":"2026-06-30T06:00:27Z","caller":"/workspaces/picoclaw/web/backend/middleware/middleware.go:64","message":"GET /api/gateway/status 200 11.206202ms"}
{"level":"debug","component":"http","time":"2026-06-30T06:00:28Z","caller":"/workspaces/picoclaw/web/backend/middleware/middleware.go:64","message":"GET /api/gateway/status 200 16.681285ms"}
{"level":"debug","component":"http","time":"2026-06-30T06:00:30Z","caller":"/workspaces/picoclaw/web/backend/middleware/middleware.go:64","message":"GET /api/gateway/status 200 9.841837ms"}
{"level":"debug","component":"http","time":"2026-06-30T06:00:31Z","caller":"/workspaces/picoclaw/web/backend/middleware/middleware.go:64","message":"GET /api/gateway/status 200 51.949265ms"}
{"level":"debug","component":"http","time":"2026-06-30T06:00:33Z","caller":"/workspaces/picoclaw/web/backend/middleware/middleware.go:64","message":"GET /api/gateway/status 200 10.68493ms"}
{"level":"debug","component":"http","time":"2026-06-30T06:00:34Z","caller":"/workspaces/picoclaw/web/backend/middleware/middleware.go:64","message":"GET /api/gateway/status 200 11.747722ms"}
{"level":"debug","component":"http","time":"2026-06-30T06:00:36Z","caller":"/workspaces/picoclaw/web/backend/middleware/middleware.go:64","message":"GET /api/gateway/status 200 9.716093ms"}
{"level":"debug","component":"http","time":"2026-06-30T06:00:36Z","caller":"/workspaces/picoclaw/web/backend/middleware/middleware.go:64","message":"GET /api/gateway/status 200 11.003594ms"}
{"level":"debug","component":"http","time":"2026-06-30T06:00:38Z","caller":"/workspaces/picoclaw/web/backend/middleware/middleware.go:64","message":"GET /api/gateway/status 200 9.688569ms"}
{"level":"debug","component":"http","time":"2026-06-30T06:00:39Z","caller":"/workspaces/picoclaw/web/backend/middleware/middleware.go:64","message":"GET /api/gateway/status 200 9.984824ms"}
{"level":"debug","component":"http","time":"2026-06-30T06:00:41Z","caller":"/workspaces/picoclaw/web/backend/middleware/middleware.go:64","message":"GET /api/gateway/status 200 11.515489ms"}
{"level":"debug","component":"http","time":"2026-06-30T06:00:42Z","caller":"/workspaces/picoclaw/web/backend/middleware/middleware.go:64","message":"GET /api/gateway/status 200 28.808582ms"}
{"level":"debug","component":"http","time":"2026-06-30T06:00:43Z","caller":"/workspaces/picoclaw/web/backend/middleware/middleware.go:64","message":"GET /api/gateway/status 200 9.700183ms"}
{"level":"debug","component":"http","time":"2026-06-30T06:00:44Z","caller":"/workspaces/picoclaw/web/backend/middleware/middleware.go:64","message":"GET /api/gateway/status 200 11.614504ms"}
{"level":"debug","component":"http","time":"2026-06-30T06:00:46Z","caller":"/workspaces/picoclaw/web/backend/middleware/middleware.go:64","message":"GET /api/gateway/status 200 9.820558ms"}
{"level":"debug","component":"http","time":"2026-06-30T06:00:48Z","caller":"/workspaces/picoclaw/web/backend/middleware/middleware.go:64","message":"GET /api/gateway/status 200 10.620552ms"}
{"level":"debug","component":"http","time":"2026-06-30T06:00:48Z","caller":"/workspaces/picoclaw/web/backend/middleware/middleware.go:64","message":"GET /api/gateway/status 200 9.829642ms"}
{"level":"debug","component":"http","time":"2026-06-30T06:00:50Z","caller":"/workspaces/picoclaw/web/backend/middleware/middleware.go:64","message":"GET /api/gateway/status 200 13.645585ms"}
{"level":"debug","component":"http","time":"2026-06-30T06:00:51Z","caller":"/workspaces/picoclaw/web/backend/middleware/middleware.go:64","message":"GET /api/gateway/status 200 11.990114ms"}
{"level":"debug","component":"http","time":"2026-06-30T06:00:52Z","caller":"/workspaces/picoclaw/web/backend/middleware/middleware.go:64","message":"GET /api/gateway/status 200 9.91297ms"}
{"level":"debug","component":"http","time":"2026-06-30T06:00:54Z","caller":"/workspaces/picoclaw/web/backend/middleware/middleware.go:64","message":"GET /api/gateway/status 200 11.445478ms"}
{"level":"debug","component":"http","time":"2026-06-30T06:00:55Z","caller":"/workspaces/picoclaw/web/backend/middleware/middleware.go:64","message":"GET /api/gateway/status 200 9.921779ms"}
{"level":"debug","component":"http","time":"2026-06-30T06:00:56Z","caller":"/workspaces/picoclaw/web/backend/middleware/middleware.go:64","message":"GET /api/gateway/status 200 16.790869ms"}
{"level":"debug","component":"http","time":"2026-06-30T06:00:58Z","caller":"/workspaces/picoclaw/web/backend/middleware/middleware.go:64","message":"GET /api/gateway/status 200 10.346519ms"}
{"level":"debug","component":"http","time":"2026-06-30T06:00:59Z","caller":"/workspaces/picoclaw/web/backend/middleware/middleware.go:64","message":"GET /api/gateway/status 200 11.059017ms"}
{"level":"debug","component":"http","time":"2026-06-30T06:01:01Z","caller":"/workspaces/picoclaw/web/backend/middleware/middleware.go:64","message":"GET /api/gateway/status 200 9.910147ms"}
{"level":"debug","component":"http","time":"2026-06-30T06:01:01Z","caller":"/workspaces/picoclaw/web/backend/middleware/middleware.go:64","message":"GET /api/gateway/status 200 11.442977ms"}
{"level":"debug","component":"http","time":"2026-06-30T06:01:03Z","caller":"/workspaces/picoclaw/web/backend/middleware/middleware.go:64","message":"GET /api/gateway/status 200 9.843438ms"}
{"level":"debug","component":"http","time":"2026-06-30T06:01:04Z","caller":"/workspaces/picoclaw/web/backend/middleware/middleware.go:64","message":"GET /api/gateway/status 200 10.232015ms"}
{"level":"debug","component":"http","time":"2026-06-30T06:01:05Z","caller":"/workspaces/picoclaw/web/backend/middleware/middleware.go:64","message":"GET /api/gateway/status 200 11.407187ms"}
{"level":"debug","component":"http","time":"2026-06-30T06:01:07Z","caller":"/workspaces/picoclaw/web/backend/middleware/middleware.go:64","message":"GET /api/gateway/status 200 10.855015ms"}
{"level":"debug","component":"http","time":"2026-06-30T06:01:08Z","caller":"/workspaces/picoclaw/web/backend/middleware/middleware.go:64","message":"GET /api/gateway/status 200 11.757057ms"}
{"level":"debug","component":"http","time":"2026-06-30T06:01:10Z","caller":"/workspaces/picoclaw/web/backend/middleware/middleware.go:64","message":"GET /api/gateway/status 200 9.990605ms"}
{"level":"debug","component":"http","time":"2026-06-30T06:01:10Z","caller":"/workspaces/picoclaw/web/backend/middleware/middleware.go:64","message":"GET /api/gateway/status 200 11.617362ms"}
{"level":"debug","component":"http","time":"2026-06-30T06:01:12Z","caller":"/workspaces/picoclaw/web/backend/middleware/middleware.go:64","message":"GET /api/gateway/status 200 10.427159ms"}
{"level":"debug","component":"http","time":"2026-06-30T06:01:13Z","caller":"/workspaces/picoclaw/web/backend/middleware/middleware.go:64","message":"GET /api/gateway/status 200 41.001705ms"}
{"level":"debug","component":"http","time":"2026-06-30T06:01:15Z","caller":"/workspaces/picoclaw/web/backend/middleware/middleware.go:64","message":"GET /api/gateway/status 200 9.93842ms"}
{"level":"debug","component":"http","time":"2026-06-30T06:01:15Z","caller":"/workspaces/picoclaw/web/backend/middleware/middleware.go:64","message":"GET /api/gateway/status 200 12.748098ms"}
{"level":"debug","component":"http","time":"2026-06-30T06:01:17Z","caller":"/workspaces/picoclaw/web/backend/middleware/middleware.go:64","message":"GET /api/gateway/status 200 9.935675ms"}
{"level":"debug","component":"http","time":"2026-06-30T06:01:19Z","caller":"/workspaces/picoclaw/web/backend/middleware/middleware.go:64","message":"GET /api/gateway/status 200 11.319541ms"}
{"level":"debug","component":"http","time":"2026-06-30T06:01:20Z","caller":"/workspaces/picoclaw/web/backend/middleware/middleware.go:64","message":"GET /api/gateway/status 200 10.950673ms"}
{"level":"debug","component":"http","time":"2026-06-30T06:01:21Z","caller":"/workspaces/picoclaw/web/backend/middleware/middleware.go:64","message":"GET /api/gateway/status 200 10.597246ms"}
{"level":"debug","component":"http","time":"2026-06-30T06:01:22Z","caller":"/workspaces/picoclaw/web/backend/middleware/middleware.go:64","message":"GET /api/gateway/status 200 11.321137ms"}
{"level":"debug","component":"http","time":"2026-06-30T06:01:24Z","caller":"/workspaces/picoclaw/web/backend/middleware/middleware.go:64","message":"GET /api/gateway/status 200 10.123783ms"}
{"level":"debug","component":"http","time":"2026-06-30T06:01:25Z","caller":"/workspaces/picoclaw/web/backend/middleware/middleware.go:64","message":"GET /api/gateway/status 200 11.986648ms"}
{"level":"debug","component":"http","time":"2026-06-30T06:01:27Z","caller":"/workspaces/picoclaw/web/backend/middleware/middleware.go:64","message":"GET /api/gateway/status 200 9.799519ms"}
{"level":"debug","component":"http","time":"2026-06-30T06:01:27Z","caller":"/workspaces/picoclaw/web/backend/middleware/middleware.go:64","message":"GET /api/gateway/status 200 24.477997ms"}
{"level":"debug","component":"http","time":"2026-06-30T06:01:29Z","caller":"/workspaces/picoclaw/web/backend/middleware/middleware.go:64","message":"GET /api/gateway/status 200 11.673975ms"}
{"level":"debug","component":"http","time":"2026-06-30T06:01:30Z","caller":"/workspaces/picoclaw/web/backend/middleware/middleware.go:64","message":"GET /api/gateway/status 200 9.962793ms"}
{"level":"debug","component":"http","time":"2026-06-30T06:01:32Z","caller":"/workspaces/picoclaw/web/backend/middleware/middleware.go:64","message":"GET /api/gateway/status 200 11.485683ms"}
{"level":"debug","component":"http","time":"2026-06-30T06:01:33Z","caller":"/workspaces/picoclaw/web/backend/middleware/middleware.go:64","message":"GET /api/gateway/status 200 16.108927ms"}
{"level":"debug","component":"http","time":"2026-06-30T06:01:34Z","caller":"/workspaces/picoclaw/web/backend/middleware/middleware.go:64","message":"GET /api/gateway/status 200 11.449726ms"}
{"level":"debug","component":"http","time":"2026-06-30T06:01:36Z","caller":"/workspaces/picoclaw/web/backend/middleware/middleware.go:64","message":"GET /api/gateway/status 200 9.722044ms"}
{"level":"debug","component":"http","time":"2026-06-30T06:01:36Z","caller":"/workspaces/picoclaw/web/backend/middleware/middleware.go:64","message":"GET /api/gateway/status 200 11.882634ms"}
{"level":"debug","component":"http","time":"2026-06-30T06:01:38Z","caller":"/workspaces/picoclaw/web/backend/middleware/middleware.go:64","message":"GET /api/gateway/status 200 10.826824ms"}
{"level":"debug","component":"http","time":"2026-06-30T06:01:39Z","caller":"/workspaces/picoclaw/web/backend/middleware/middleware.go:64","message":"GET /api/gateway/status 200 10.028506ms"}
{"level":"debug","component":"http","time":"2026-06-30T06:01:40Z","caller":"/workspaces/picoclaw/web/backend/middleware/middleware.go:64","message":"GET /api/gateway/status 200 10.749298ms"}
{"level":"debug","component":"http","time":"2026-06-30T06:01:42Z","caller":"/workspaces/picoclaw/web/backend/middleware/middleware.go:64","message":"GET /api/gateway/status 200 9.856182ms"}
{"level":"debug","component":"http","time":"2026-06-30T06:01:43Z","caller":"/workspaces/picoclaw/web/backend/middleware/middleware.go:64","message":"GET /api/gateway/status 200 10.614909ms"}
{"level":"debug","component":"http","time":"2026-06-30T06:01:45Z","caller":"/workspaces/picoclaw/web/backend/middleware/middleware.go:64","message":"GET /api/gateway/status 200 9.820788ms"}
{"level":"debug","component":"http","time":"2026-06-30T06:01:45Z","caller":"/workspaces/picoclaw/web/backend/middleware/middleware.go:64","message":"GET /api/gateway/status 200 11.427508ms"}
{"level":"debug","component":"http","time":"2026-06-30T06:01:47Z","caller":"/workspaces/picoclaw/web/backend/middleware/middleware.go:64","message":"GET /api/gateway/status 200 9.841537ms"}
{"level":"debug","component":"http","time":"2026-06-30T06:01:49Z","caller":"/workspaces/picoclaw/web/backend/middleware/middleware.go:64","message":"GET /api/gateway/status 200 11.546901ms"}
{"level":"debug","component":"http","time":"2026-06-30T06:01:50Z","caller":"/workspaces/picoclaw/web/backend/middleware/middleware.go:64","message":"GET /api/gateway/status 200 10.323256ms"}
{"level":"debug","component":"http","time":"2026-06-30T06:01:51Z","caller":"/workspaces/picoclaw/web/backend/middleware/middleware.go:64","message":"GET /api/gateway/status 200 10.078977ms"}
{"level":"debug","component":"http","time":"2026-06-30T06:01:52Z","caller":"/workspaces/picoclaw/web/backend/middleware/middleware.go:64","message":"GET /api/gateway/status 200 31.151658ms"}
{"level":"debug","component":"http","time":"2026-06-30T06:01:54Z","caller":"/workspaces/picoclaw/web/backend/middleware/middleware.go:64","message":"GET /api/gateway/status 200 10.316485ms"}
{"level":"debug","component":"http","time":"2026-06-30T06:01:55Z","caller":"/workspaces/picoclaw/web/backend/middleware/middleware.go:64","message":"GET /api/gateway/status 200 11.146931ms"}
{"level":"debug","component":"http","time":"2026-06-30T06:01:57Z","caller":"/workspaces/picoclaw/web/backend/middleware/middleware.go:64","message":"GET /api/gateway/status 200 10.78163ms"}
{"level":"debug","component":"http","time":"2026-06-30T06:01:57Z","caller":"/workspaces/picoclaw/web/backend/middleware/middleware.go:64","message":"GET /api/gateway/status 200 10.208652ms"}
{"level":"debug","component":"http","time":"2026-06-30T06:01:59Z","caller":"/workspaces/picoclaw/web/backend/middleware/middleware.go:64","message":"GET /api/gateway/status 200 11.474461ms"}
{"level":"debug","component":"http","time":"2026-06-30T06:02:00Z","caller":"/workspaces/picoclaw/web/backend/middleware/middleware.go:64","message":"GET /api/gateway/status 200 10.582582ms"}
{"level":"debug","component":"http","time":"2026-06-30T06:02:02Z","caller":"/workspaces/picoclaw/web/backend/middleware/middleware.go:64","message":"GET /api/gateway/status 200 24.315544ms"}
{"level":"debug","component":"http","time":"2026-06-30T06:02:03Z","caller":"/workspaces/picoclaw/web/backend/middleware/middleware.go:64","message":"GET /api/gateway/status 200 19.562859ms"}
{"level":"debug","component":"http","time":"2026-06-30T06:02:04Z","caller":"/workspaces/picoclaw/web/backend/middleware/middleware.go:64","message":"GET /api/gateway/status 200 9.777127ms"}
{"level":"debug","component":"http","time":"2026-06-30T06:02:06Z","caller":"/workspaces/picoclaw/web/backend/middleware/middleware.go:64","message":"GET /api/gateway/status 200 11.137023ms"}
{"level":"debug","component":"http","time":"2026-06-30T06:02:07Z","caller":"/workspaces/picoclaw/web/backend/middleware/middleware.go:64","message":"GET /api/gateway/status 200 10.57939ms"}
{"level":"debug","component":"http","time":"2026-06-30T06:02:09Z","caller":"/workspaces/picoclaw/web/backend/middleware/middleware.go:64","message":"GET /api/gateway/status 200 10.663101ms"}
{"level":"debug","component":"http","time":"2026-06-30T06:02:09Z","caller":"/workspaces/picoclaw/web/backend/middleware/middleware.go:64","message":"GET /api/gateway/status 200 9.73749ms"}
{"level":"debug","component":"http","time":"2026-06-30T06:02:11Z","caller":"/workspaces/picoclaw/web/backend/middleware/middleware.go:64","message":"GET /api/gateway/status 200 9.599496ms"}
{"level":"debug","component":"http","time":"2026-06-30T06:02:12Z","caller":"/workspaces/picoclaw/web/backend/middleware/middleware.go:64","message":"GET /api/gateway/status 200 11.19016ms"}
{"level":"debug","component":"http","time":"2026-06-30T06:02:14Z","caller":"/workspaces/picoclaw/web/backend/middleware/middleware.go:64","message":"GET /api/gateway/status 200 10.032155ms"}
{"level":"debug","component":"http","time":"2026-06-30T06:02:15Z","caller":"/workspaces/picoclaw/web/backend/middleware/middleware.go:64","message":"GET /api/gateway/status 200 11.354488ms"}
{"level":"debug","component":"http","time":"2026-06-30T06:02:16Z","caller":"/workspaces/picoclaw/web/backend/middleware/middleware.go:64","message":"GET /api/gateway/status 200 9.934891ms"}
{"level":"debug","component":"http","time":"2026-06-30T06:02:18Z","caller":"/workspaces/picoclaw/web/backend/middleware/middleware.go:64","message":"GET /api/gateway/status 200 12.085402ms"}
{"level":"debug","component":"http","time":"2026-06-30T06:02:18Z","caller":"/workspaces/picoclaw/web/backend/middleware/middleware.go:64","message":"GET /api/gateway/status 200 10.762996ms"}
{"level":"debug","component":"http","time":"2026-06-30T06:02:21Z","caller":"/workspaces/picoclaw/web/backend/middleware/middleware.go:64","message":"GET /api/gateway/status 200 11.806574ms"}
{"level":"debug","component":"http","time":"2026-06-30T06:02:21Z","caller":"/workspaces/picoclaw/web/backend/middleware/middleware.go:64","message":"GET /api/gateway/status 200 12.397765ms"}
{"level":"debug","component":"http","time":"2026-06-30T06:02:23Z","caller":"/workspaces/picoclaw/web/backend/middleware/middleware.go:64","message":"GET /api/gateway/status 200 9.635453ms"}
{"level":"debug","component":"http","time":"2026-06-30T06:02:24Z","caller":"/workspaces/picoclaw/web/backend/middleware/middleware.go:64","message":"GET /api/gateway/status 200 11.598263ms"}
{"level":"debug","component":"http","time":"2026-06-30T06:02:25Z","caller":"/workspaces/picoclaw/web/backend/middleware/middleware.go:64","message":"GET /api/gateway/status 200 13.674326ms"}
{"level":"debug","component":"http","time":"2026-06-30T06:02:27Z","caller":"/workspaces/picoclaw/web/backend/middleware/middleware.go:64","message":"GET /api/gateway/status 200 11.251497ms"}
{"level":"debug","component":"http","time":"2026-06-30T06:02:28Z","caller":"/workspaces/picoclaw/web/backend/middleware/middleware.go:64","message":"GET /api/gateway/status 200 20.046942ms"}
{"level":"debug","component":"http","time":"2026-06-30T06:02:30Z","caller":"/workspaces/picoclaw/web/backend/middleware/middleware.go:64","message":"GET /api/gateway/status 200 10.050304ms"}
{"level":"debug","component":"http","time":"2026-06-30T06:02:30Z","caller":"/workspaces/picoclaw/web/backend/middleware/middleware.go:64","message":"GET /api/gateway/status 200 11.317863ms"}
{"level":"debug","component":"http","time":"2026-06-30T06:02:32Z","caller":"/workspaces/picoclaw/web/backend/middleware/middleware.go:64","message":"GET /api/gateway/status 200 10.183184ms"}
{"level":"debug","component":"http","time":"2026-06-30T06:02:33Z","caller":"/workspaces/picoclaw/web/backend/middleware/middleware.go:64","message":"GET /api/gateway/status 200 16.297401ms"}
{"level":"debug","component":"http","time":"2026-06-30T06:02:35Z","caller":"/workspaces/picoclaw/web/backend/middleware/middleware.go:64","message":"GET /api/gateway/status 200 15.182369ms"}
{"level":"debug","component":"http","time":"2026-06-30T06:02:36Z","caller":"/workspaces/picoclaw/web/backend/middleware/middleware.go:64","message":"GET /api/gateway/status 200 11.80526ms"}
{"level":"debug","component":"http","time":"2026-06-30T06:02:38Z","caller":"/workspaces/picoclaw/web/backend/middleware/middleware.go:64","message":"GET /api/gateway/status 200 10.079153ms"}
{"level":"debug","component":"http","time":"2026-06-30T06:02:38Z","caller":"/workspaces/picoclaw/web/backend/middleware/middleware.go:64","message":"GET /api/gateway/status 200 11.297082ms"}
{"level":"debug","component":"http","time":"2026-06-30T06:02:40Z","caller":"/workspaces/picoclaw/web/backend/middleware/middleware.go:64","message":"GET /api/gateway/status 200 15.341997ms"}
{"level":"debug","component":"http","time":"2026-06-30T06:02:41Z","caller":"/workspaces/picoclaw/web/backend/middleware/middleware.go:64","message":"GET /api/gateway/status 200 27.162692ms"}
{"level":"debug","component":"http","time":"2026-06-30T06:02:42Z","caller":"/workspaces/picoclaw/web/backend/middleware/middleware.go:64","message":"GET /api/gateway/status 200 9.947334ms"}
{"level":"debug","component":"http","time":"2026-06-30T06:02:44Z","caller":"/workspaces/picoclaw/web/backend/middleware/middleware.go:64","message":"GET /api/gateway/status 200 11.222192ms"}
{"level":"debug","component":"http","time":"2026-06-30T06:02:45Z","caller":"/workspaces/picoclaw/web/backend/middleware/middleware.go:64","message":"GET /api/gateway/status 200 10.019409ms"}
{"level":"debug","component":"http","time":"2026-06-30T06:02:47Z","caller":"/workspaces/picoclaw/web/backend/middleware/middleware.go:64","message":"GET /api/gateway/status 200 11.159858ms"}
{"level":"debug","component":"http","time":"2026-06-30T06:02:47Z","caller":"/workspaces/picoclaw/web/backend/middleware/middleware.go:64","message":"GET /api/gateway/status 200 10.759321ms"}
{"level":"debug","component":"http","time":"2026-06-30T06:02:49Z","caller":"/workspaces/picoclaw/web/backend/middleware/middleware.go:64","message":"GET /api/gateway/status 200 9.484731ms"}
{"level":"debug","component":"http","time":"2026-06-30T06:02:50Z","caller":"/workspaces/picoclaw/web/backend/middleware/middleware.go:64","message":"GET /api/gateway/status 200 10.749263ms"}
{"level":"debug","component":"http","time":"2026-06-30T06:02:52Z","caller":"/workspaces/picoclaw/web/backend/middleware/middleware.go:64","message":"GET /api/gateway/status 200 10.03073ms"}
{"level":"debug","component":"http","time":"2026-06-30T06:02:53Z","caller":"/workspaces/picoclaw/web/backend/middleware/middleware.go:64","message":"GET /api/gateway/status 200 11.661932ms"}
{"level":"debug","component":"http","time":"2026-06-30T06:02:55Z","caller":"/workspaces/picoclaw/web/backend/middleware/middleware.go:64","message":"GET /api/gateway/status 200 16.528607ms"}
{"level":"debug","component":"http","time":"2026-06-30T06:02:56Z","caller":"/workspaces/picoclaw/web/backend/middleware/middleware.go:64","message":"GET /api/gateway/status 200 10.756661ms"}
{"level":"debug","component":"http","time":"2026-06-30T06:02:58Z","caller":"/workspaces/picoclaw/web/backend/middleware/middleware.go:64","message":"GET /api/gateway/status 200 11.319821ms"}
{"level":"debug","component":"http","time":"2026-06-30T06:02:59Z","caller":"/workspaces/picoclaw/web/backend/middleware/middleware.go:64","message":"GET /api/gateway/status 200 11.100896ms"}
{"level":"debug","component":"http","time":"2026-06-30T06:03:01Z","caller":"/workspaces/picoclaw/web/backend/middleware/middleware.go:64","message":"GET /api/gateway/status 200 9.631806ms"}
{"level":"debug","component":"http","time":"2026-06-30T06:03:02Z","caller":"/workspaces/picoclaw/web/backend/middleware/middleware.go:64","message":"GET /api/gateway/status 200 11.605627ms"}
{"level":"debug","component":"http","time":"2026-06-30T06:03:04Z","caller":"/workspaces/picoclaw/web/backend/middleware/middleware.go:64","message":"GET /api/gateway/status 200 9.824244ms"}
{"level":"debug","component":"http","time":"2026-06-30T06:03:05Z","caller":"/workspaces/picoclaw/web/backend/middleware/middleware.go:64","message":"GET /api/gateway/status 200 13.31607ms"}
{"level":"debug","component":"http","time":"2026-06-30T06:03:06Z","caller":"/workspaces/picoclaw/web/backend/middleware/middleware.go:64","message":"GET /api/gateway/status 200 9.873136ms"}
{"level":"debug","component":"http","time":"2026-06-30T06:03:08Z","caller":"/workspaces/picoclaw/web/backend/middleware/middleware.go:64","message":"GET /api/gateway/status 200 10.567068ms"}
{"level":"debug","component":"http","time":"2026-06-30T06:03:09Z","caller":"/workspaces/picoclaw/web/backend/middleware/middleware.go:64","message":"GET /api/gateway/status 200 27.327219ms"}
{"level":"debug","component":"http","time":"2026-06-30T06:03:11Z","caller":"/workspaces/picoclaw/web/backend/middleware/middleware.go:64","message":"GET /api/gateway/status 200 9.794108ms"}
{"level":"debug","component":"http","time":"2026-06-30T06:03:11Z","caller":"/workspaces/picoclaw/web/backend/middleware/middleware.go:64","message":"GET /api/gateway/status 200 11.710984ms"}
{"level":"debug","component":"http","time":"2026-06-30T06:03:13Z","caller":"/workspaces/picoclaw/web/backend/middleware/middleware.go:64","message":"GET /api/gateway/status 200 9.774372ms"}
{"level":"debug","component":"http","time":"2026-06-30T06:03:14Z","caller":"/workspaces/picoclaw/web/backend/middleware/middleware.go:64","message":"GET /api/gateway/status 200 11.38733ms"}
{"level":"debug","component":"http","time":"2026-06-30T06:03:15Z","caller":"/workspaces/picoclaw/web/backend/middleware/middleware.go:64","message":"GET /api/gateway/status 200 10.696645ms"}
{"level":"debug","component":"http","time":"2026-06-30T06:03:17Z","caller":"/workspaces/picoclaw/web/backend/middleware/middleware.go:64","message":"GET /api/gateway/status 200 10.781247ms"}
{"level":"debug","component":"http","time":"2026-06-30T06:03:18Z","caller":"/workspaces/picoclaw/web/backend/middleware/middleware.go:64","message":"GET /api/gateway/status 200 11.803266ms"}
{"level":"debug","component":"http","time":"2026-06-30T06:03:20Z","caller":"/workspaces/picoclaw/web/backend/middleware/middleware.go:64","message":"GET /api/gateway/status 200 9.931958ms"}
{"level":"debug","component":"http","time":"2026-06-30T06:03:21Z","caller":"/workspaces/picoclaw/web/backend/middleware/middleware.go:64","message":"GET /api/gateway/status 200 11.261435ms"}
{"level":"debug","component":"http","time":"2026-06-30T06:03:22Z","caller":"/workspaces/picoclaw/web/backend/middleware/middleware.go:64","message":"GET /api/gateway/status 200 10.838549ms"}
{"level":"debug","component":"http","time":"2026-06-30T06:03:23Z","caller":"/workspaces/picoclaw/web/backend/middleware/middleware.go:64","message":"GET /api/gateway/status 200 9.792683ms"}
{"level":"debug","component":"http","time":"2026-06-30T06:03:25Z","caller":"/workspaces/picoclaw/web/backend/middleware/middleware.go:64","message":"GET /api/gateway/status 200 11.043129ms"}
{"level":"debug","component":"http","time":"2026-06-30T06:03:26Z","caller":"/workspaces/picoclaw/web/backend/middleware/middleware.go:64","message":"GET /api/gateway/status 200 10.731509ms"}
{"level":"debug","component":"http","time":"2026-06-30T06:03:27Z","caller":"/workspaces/picoclaw/web/backend/middleware/middleware.go:64","message":"GET /api/gateway/status 200 10.542614ms"}
{"level":"debug","component":"http","time":"2026-06-30T06:03:29Z","caller":"/workspaces/picoclaw/web/backend/middleware/middleware.go:64","message":"GET /api/gateway/status 200 9.819536ms"}
{"level":"debug","component":"http","time":"2026-06-30T06:03:30Z","caller":"/workspaces/picoclaw/web/backend/middleware/middleware.go:64","message":"GET /api/gateway/status 200 11.542688ms"}
{"level":"debug","component":"http","time":"2026-06-30T06:03:32Z","caller":"/workspaces/picoclaw/web/backend/middleware/middleware.go:64","message":"GET /api/gateway/status 200 10.093877ms"}
{"level":"debug","component":"http","time":"2026-06-30T06:03:32Z","caller":"/workspaces/picoclaw/web/backend/middleware/middleware.go:64","message":"GET /api/gateway/status 200 16.113125ms"}
{"level":"debug","component":"http","time":"2026-06-30T06:03:34Z","caller":"/workspaces/picoclaw/web/backend/middleware/middleware.go:64","message":"GET /api/gateway/status 200 23.352729ms"}
{"level":"debug","component":"http","time":"2026-06-30T06:03:35Z","caller":"/workspaces/picoclaw/web/backend/middleware/middleware.go:64","message":"GET /api/gateway/status 200 21.678173ms"}
{"level":"debug","component":"http","time":"2026-06-30T06:03:36Z","caller":"/workspaces/picoclaw/web/backend/middleware/middleware.go:64","message":"GET /api/gateway/status 200 11.211953ms"}
{"level":"debug","component":"http","time":"2026-06-30T06:03:38Z","caller":"/workspaces/picoclaw/web/backend/middleware/middleware.go:64","message":"GET /api/gateway/status 200 11.961764ms"}
{"level":"debug","component":"http","time":"2026-06-30T06:03:39Z","caller":"/workspaces/picoclaw/web/backend/middleware/middleware.go:64","message":"GET /api/gateway/status 200 9.891571ms"}
{"level":"debug","component":"http","time":"2026-06-30T06:03:41Z","caller":"/workspaces/picoclaw/web/backend/middleware/middleware.go:64","message":"GET /api/gateway/status 200 11.247259ms"}
{"level":"debug","component":"http","time":"2026-06-30T06:03:42Z","caller":"/workspaces/picoclaw/web/backend/middleware/middleware.go:64","message":"GET /api/gateway/status 200 10.04146ms"}
{"level":"debug","component":"http","time":"2026-06-30T06:03:44Z","caller":"/workspaces/picoclaw/web/backend/middleware/middleware.go:64","message":"GET /api/gateway/status 200 11.587223ms"}
{"level":"debug","component":"http","time":"2026-06-30T06:03:44Z","caller":"/workspaces/picoclaw/web/backend/middleware/middleware.go:64","message":"GET /api/gateway/status 200 20.476845ms"}
{"level":"debug","component":"http","time":"2026-06-30T06:03:46Z","caller":"/workspaces/picoclaw/web/backend/middleware/middleware.go:64","message":"GET /api/gateway/status 200 11.208719ms"}
{"level":"debug","component":"http","time":"2026-06-30T06:03:47Z","caller":"/workspaces/picoclaw/web/backend/middleware/middleware.go:64","message":"GET /api/gateway/status 200 24.542337ms"}
{"level":"debug","component":"http","time":"2026-06-30T06:03:49Z","caller":"/workspaces/picoclaw/web/backend/middleware/middleware.go:64","message":"GET /api/gateway/status 200 9.876411ms"}
{"level":"debug","component":"http","time":"2026-06-30T06:03:51Z","caller":"/workspaces/picoclaw/web/backend/middleware/middleware.go:64","message":"GET /api/gateway/status 200 11.342416ms"}
{"level":"debug","component":"http","time":"2026-06-30T06:03:51Z","caller":"/workspaces/picoclaw/web/backend/middleware/middleware.go:64","message":"GET /api/gateway/status 200 9.708539ms"}
{"level":"debug","component":"http","time":"2026-06-30T06:03:53Z","caller":"/workspaces/picoclaw/web/backend/middleware/middleware.go:64","message":"GET /api/gateway/status 200 11.108921ms"}
{"level":"debug","component":"http","time":"2026-06-30T06:03:53Z","caller":"/workspaces/picoclaw/web/backend/middleware/middleware.go:64","message":"GET /api/gateway/status 200 14.714248ms"}
{"level":"debug","component":"http","time":"2026-06-30T06:03:55Z","caller":"/workspaces/picoclaw/web/backend/middleware/middleware.go:64","message":"GET /api/gateway/status 200 10.343185ms"}
{"level":"debug","component":"http","time":"2026-06-30T06:03:56Z","caller":"/workspaces/picoclaw/web/backend/middleware/middleware.go:64","message":"GET /api/gateway/status 200 11.73045ms"}
{"level":"debug","component":"http","time":"2026-06-30T06:03:58Z","caller":"/workspaces/picoclaw/web/backend/middleware/middleware.go:64","message":"GET /api/gateway/status 200 10.862472ms"}
{"level":"debug","component":"http","time":"2026-06-30T06:03:59Z","caller":"/workspaces/picoclaw/web/backend/middleware/middleware.go:64","message":"GET /api/gateway/status 200 10.162247ms"}
{"level":"debug","component":"http","time":"2026-06-30T06:04:00Z","caller":"/workspaces/picoclaw/web/backend/middleware/middleware.go:64","message":"GET /api/gateway/status 200 10.074679ms"}
{"level":"debug","component":"http","time":"2026-06-30T06:04:02Z","caller":"/workspaces/picoclaw/web/backend/middleware/middleware.go:64","message":"GET /api/gateway/status 200 10.722871ms"}
{"level":"debug","component":"http","time":"2026-06-30T06:04:03Z","caller":"/workspaces/picoclaw/web/backend/middleware/middleware.go:64","message":"GET /api/gateway/status 200 11.618511ms"}
{"level":"debug","component":"http","time":"2026-06-30T06:04:05Z","caller":"/workspaces/picoclaw/web/backend/middleware/middleware.go:64","message":"GET /api/gateway/status 200 11.136603ms"}
{"level":"debug","component":"http","time":"2026-06-30T06:04:05Z","caller":"/workspaces/picoclaw/web/backend/middleware/middleware.go:64","message":"GET /api/gateway/status 200 11.715633ms"}
{"level":"debug","component":"http","time":"2026-06-30T06:04:07Z","caller":"/workspaces/picoclaw/web/backend/middleware/middleware.go:64","message":"GET /api/gateway/status 200 10.117241ms"}
{"level":"debug","component":"http","time":"2026-06-30T06:04:08Z","caller":"/workspaces/picoclaw/web/backend/middleware/middleware.go:64","message":"GET /api/gateway/status 200 35.917555ms"}
{"level":"debug","component":"http","time":"2026-06-30T06:04:10Z","caller":"/workspaces/picoclaw/web/backend/middleware/middleware.go:64","message":"GET /api/gateway/status 200 11.352668ms"}
{"level":"debug","component":"http","time":"2026-06-30T06:04:12Z","caller":"/workspaces/picoclaw/web/backend/middleware/middleware.go:64","message":"GET /api/gateway/status 200 89.176929ms"}
{"level":"debug","component":"http","time":"2026-06-30T06:04:12Z","caller":"/workspaces/picoclaw/web/backend/middleware/middleware.go:64","message":"GET /api/gateway/status 200 9.944569ms"}
{"level":"debug","component":"http","time":"2026-06-30T06:04:14Z","caller":"/workspaces/picoclaw/web/backend/middleware/middleware.go:64","message":"GET /api/gateway/status 200 11.770572ms"}
{"level":"debug","component":"http","time":"2026-06-30T06:04:15Z","caller":"/workspaces/picoclaw/web/backend/middleware/middleware.go:64","message":"GET /api/gateway/status 200 11.231509ms"}
{"level":"debug","component":"http","time":"2026-06-30T06:04:17Z","caller":"/workspaces/picoclaw/web/backend/middleware/middleware.go:64","message":"GET /api/gateway/status 200 10.3847ms"}
{"level":"debug","component":"http","time":"2026-06-30T06:04:17Z","caller":"/workspaces/picoclaw/web/backend/middleware/middleware.go:64","message":"GET /api/gateway/status 200 12.185268ms"}
{"level":"debug","component":"http","time":"2026-06-30T06:04:19Z","caller":"/workspaces/picoclaw/web/backend/middleware/middleware.go:64","message":"GET /api/gateway/status 200 10.367217ms"}
{"level":"debug","component":"http","time":"2026-06-30T06:04:20Z","caller":"/workspaces/picoclaw/web/backend/middleware/middleware.go:64","message":"GET /api/gateway/status 200 10.715507ms"}
{"level":"debug","component":"http","time":"2026-06-30T06:04:21Z","caller":"/workspaces/picoclaw/web/backend/middleware/middleware.go:64","message":"GET /api/gateway/status 200 10.240363ms"}
{"level":"debug","component":"http","time":"2026-06-30T06:04:23Z","caller":"/workspaces/picoclaw/web/backend/middleware/middleware.go:64","message":"GET /api/gateway/status 200 10.770211ms"}
{"level":"debug","component":"http","time":"2026-06-30T06:04:24Z","caller":"/workspaces/picoclaw/web/backend/middleware/middleware.go:64","message":"GET /api/gateway/status 200 9.993278ms"}
{"level":"debug","component":"http","time":"2026-06-30T06:04:26Z","caller":"/workspaces/picoclaw/web/backend/middleware/middleware.go:64","message":"GET /api/gateway/status 200 11.217784ms"}
{"level":"debug","component":"http","time":"2026-06-30T06:04:27Z","caller":"/workspaces/picoclaw/web/backend/middleware/middleware.go:64","message":"GET /api/gateway/status 200 9.69335ms"}
{"level":"debug","component":"http","time":"2026-06-30T06:04:29Z","caller":"/workspaces/picoclaw/web/backend/middleware/middleware.go:64","message":"GET /api/gateway/status 200 11.539253ms"}
{"level":"debug","component":"http","time":"2026-06-30T06:04:29Z","caller":"/workspaces/picoclaw/web/backend/middleware/middleware.go:64","message":"GET /api/gateway/status 200 10.799885ms"}
{"level":"debug","component":"http","time":"2026-06-30T06:04:31Z","caller":"/workspaces/picoclaw/web/backend/middleware/middleware.go:64","message":"GET /api/gateway/status 200 9.652575ms"}
{"level":"debug","component":"http","time":"2026-06-30T06:04:32Z","caller":"/workspaces/picoclaw/web/backend/middleware/middleware.go:64","message":"GET /api/gateway/status 200 11.214307ms"}
{"level":"debug","component":"http","time":"2026-06-30T06:04:33Z","caller":"/workspaces/picoclaw/web/backend/middleware/middleware.go:64","message":"GET /api/gateway/status 200 39.987997ms"}
{"level":"debug","component":"http","time":"2026-06-30T06:04:35Z","caller":"/workspaces/picoclaw/web/backend/middleware/middleware.go:64","message":"GET /api/gateway/status 200 11.105464ms"}
{"level":"debug","component":"http","time":"2026-06-30T06:04:36Z","caller":"/workspaces/picoclaw/web/backend/middleware/middleware.go:64","message":"GET /api/gateway/status 200 9.548761ms"}
{"level":"debug","component":"http","time":"2026-06-30T06:04:38Z","caller":"/workspaces/picoclaw/web/backend/middleware/middleware.go:64","message":"GET /api/gateway/status 200 11.195124ms"}
{"level":"debug","component":"http","time":"2026-06-30T06:04:38Z","caller":"/workspaces/picoclaw/web/backend/middleware/middleware.go:64","message":"GET /api/gateway/status 200 10.322531ms"}
{"level":"debug","component":"http","time":"2026-06-30T06:04:40Z","caller":"/workspaces/picoclaw/web/backend/middleware/middleware.go:64","message":"GET /api/gateway/status 200 11.845635ms"}
{"level":"debug","component":"http","time":"2026-06-30T06:04:41Z","caller":"/workspaces/picoclaw/web/backend/middleware/middleware.go:64","message":"GET /api/gateway/status 200 11.074424ms"}
{"level":"debug","component":"http","time":"2026-06-30T06:04:43Z","caller":"/workspaces/picoclaw/web/backend/middleware/middleware.go:64","message":"GET /api/gateway/status 200 9.772418ms"}
{"level":"debug","component":"http","time":"2026-06-30T06:04:44Z","caller":"/workspaces/picoclaw/web/backend/middleware/middleware.go:64","message":"GET /api/gateway/status 200 13.543615ms"}
{"level":"debug","component":"http","time":"2026-06-30T06:04:45Z","caller":"/workspaces/picoclaw/web/backend/middleware/middleware.go:64","message":"GET /api/gateway/status 200 9.70421ms"}
{"level":"debug","component":"http","time":"2026-06-30T06:04:47Z","caller":"/workspaces/picoclaw/web/backend/middleware/middleware.go:64","message":"GET /api/gateway/status 200 12.613848ms"}
{"level":"debug","component":"http","time":"2026-06-30T06:04:48Z","caller":"/workspaces/picoclaw/web/backend/middleware/middleware.go:64","message":"GET /api/gateway/status 200 10.516406ms"}
{"level":"debug","component":"http","time":"2026-06-30T06:04:50Z","caller":"/workspaces/picoclaw/web/backend/middleware/middleware.go:64","message":"GET /api/gateway/status 200 9.727844ms"}
{"level":"debug","component":"http","time":"2026-06-30T06:04:50Z","caller":"/workspaces/picoclaw/web/backend/middleware/middleware.go:64","message":"GET /api/gateway/status 200 14.759841ms"}
{"level":"debug","component":"http","time":"2026-06-30T06:04:52Z","caller":"/workspaces/picoclaw/web/backend/middleware/middleware.go:64","message":"GET /api/gateway/status 200 10.06286ms"}
{"level":"debug","component":"http","time":"2026-06-30T06:04:54Z","caller":"/workspaces/picoclaw/web/backend/middleware/middleware.go:64","message":"GET /api/gateway/status 200 11.206621ms"}
{"level":"debug","component":"http","time":"2026-06-30T06:04:55Z","caller":"/workspaces/picoclaw/web/backend/middleware/middleware.go:64","message":"GET /api/gateway/status 200 10.254898ms"}
{"level":"debug","component":"http","time":"2026-06-30T06:04:56Z","caller":"/workspaces/picoclaw/web/backend/middleware/middleware.go:64","message":"GET /api/gateway/status 200 11.428908ms"}
{"level":"debug","component":"http","time":"2026-06-30T06:04:58Z","caller":"/workspaces/picoclaw/web/backend/middleware/middleware.go:64","message":"GET /api/gateway/status 200 10.926288ms"}
{"level":"debug","component":"http","time":"2026-06-30T06:04:59Z","caller":"/workspaces/picoclaw/web/backend/middleware/middleware.go:64","message":"GET /api/gateway/status 200 9.850995ms"}
{"level":"debug","component":"http","time":"2026-06-30T06:05:01Z","caller":"/workspaces/picoclaw/web/backend/middleware/middleware.go:64","message":"GET /api/gateway/status 200 16.541626ms"}
{"level":"debug","component":"http","time":"2026-06-30T06:05:02Z","caller":"/workspaces/picoclaw/web/backend/middleware/middleware.go:64","message":"GET /api/gateway/status 200 10.409045ms"}
{"level":"debug","component":"http","time":"2026-06-30T06:05:04Z","caller":"/workspaces/picoclaw/web/backend/middleware/middleware.go:64","message":"GET /api/gateway/status 200 10.26808ms"}
{"level":"debug","component":"http","time":"2026-06-30T06:05:05Z","caller":"/workspaces/picoclaw/web/backend/middleware/middleware.go:64","message":"GET /api/gateway/status 200 11.060693ms"}
{"level":"debug","component":"http","time":"2026-06-30T06:05:07Z","caller":"/workspaces/picoclaw/web/backend/middleware/middleware.go:64","message":"GET /api/gateway/status 200 9.653586ms"}
{"level":"debug","component":"http","time":"2026-06-30T06:05:08Z","caller":"/workspaces/picoclaw/web/backend/middleware/middleware.go:64","message":"GET /api/gateway/status 200 42.603704ms"}
{"level":"debug","component":"http","time":"2026-06-30T06:05:10Z","caller":"/workspaces/picoclaw/web/backend/middleware/middleware.go:64","message":"GET /api/gateway/status 200 11.302933ms"}
{"level":"debug","component":"http","time":"2026-06-30T06:05:11Z","caller":"/workspaces/picoclaw/web/backend/middleware/middleware.go:64","message":"GET /api/gateway/status 200 9.993099ms"}
{"level":"debug","component":"http","time":"2026-06-30T06:05:13Z","caller":"/workspaces/picoclaw/web/backend/middleware/middleware.go:64","message":"GET /api/gateway/status 200 11.293545ms"}
{"level":"debug","component":"http","time":"2026-06-30T06:05:14Z","caller":"/workspaces/picoclaw/web/backend/middleware/middleware.go:64","message":"GET /api/gateway/status 200 10.246993ms"}
{"level":"debug","component":"http","time":"2026-06-30T06:05:16Z","caller":"/workspaces/picoclaw/web/backend/middleware/middleware.go:64","message":"GET /api/gateway/status 200 13.417617ms"}
{"level":"debug","component":"http","time":"2026-06-30T06:05:17Z","caller":"/workspaces/picoclaw/web/backend/middleware/middleware.go:64","message":"GET /api/gateway/status 200 12.81324ms"}
{"level":"debug","component":"http","time":"2026-06-30T06:05:19Z","caller":"/workspaces/picoclaw/web/backend/middleware/middleware.go:64","message":"GET /api/gateway/status 200 11.520518ms"}
{"level":"debug","component":"http","time":"2026-06-30T06:05:21Z","caller":"/workspaces/picoclaw/web/backend/middleware/middleware.go:64","message":"GET /api/gateway/status 200 9.74681ms"}
{"level":"debug","component":"http","time":"2026-06-30T06:05:22Z","caller":"/workspaces/picoclaw/web/backend/middleware/middleware.go:64","message":"GET /api/gateway/status 200 10.586516ms"}
{"level":"debug","component":"http","time":"2026-06-30T06:05:23Z","caller":"/workspaces/picoclaw/web/backend/middleware/middleware.go:64","message":"GET /api/gateway/status 200 11.090787ms"}
{"level":"debug","component":"http","time":"2026-06-30T06:05:25Z","caller":"/workspaces/picoclaw/web/backend/middleware/middleware.go:64","message":"GET /api/gateway/status 200 11.202856ms"}
{"level":"debug","component":"http","time":"2026-06-30T06:05:26Z","caller":"/workspaces/picoclaw/web/backend/middleware/middleware.go:64","message":"GET /api/gateway/status 200 26.638425ms"}
{"level":"debug","component":"http","time":"2026-06-30T06:05:28Z","caller":"/workspaces/picoclaw/web/backend/middleware/middleware.go:64","message":"GET /api/gateway/status 200 14.680775ms"}
{"level":"debug","component":"http","time":"2026-06-30T06:05:29Z","caller":"/workspaces/picoclaw/web/backend/middleware/middleware.go:64","message":"GET /api/gateway/status 200 15.807865ms"}
{"level":"debug","component":"http","time":"2026-06-30T06:05:31Z","caller":"/workspaces/picoclaw/web/backend/middleware/middleware.go:64","message":"GET /api/gateway/status 200 10.926644ms"}
{"level":"debug","component":"http","time":"2026-06-30T06:05:32Z","caller":"/workspaces/picoclaw/web/backend/middleware/middleware.go:64","message":"GET /api/gateway/status 200 9.804898ms"}
{"level":"debug","component":"http","time":"2026-06-30T06:05:34Z","caller":"/workspaces/picoclaw/web/backend/middleware/middleware.go:64","message":"GET /api/gateway/status 200 11.608121ms"}
{"level":"debug","component":"http","time":"2026-06-30T06:05:35Z","caller":"/workspaces/picoclaw/web/backend/middleware/middleware.go:64","message":"GET /api/gateway/status 200 9.938348ms"}
{"level":"debug","component":"http","time":"2026-06-30T06:05:37Z","caller":"/workspaces/picoclaw/web/backend/middleware/middleware.go:64","message":"GET /api/gateway/status 200 12.095ms"}
{"level":"debug","component":"http","time":"2026-06-30T06:05:38Z","caller":"/workspaces/picoclaw/web/backend/middleware/middleware.go:64","message":"GET /api/gateway/status 200 11.02658ms"}
{"level":"debug","component":"http","time":"2026-06-30T06:05:40Z","caller":"/workspaces/picoclaw/web/backend/middleware/middleware.go:64","message":"GET /api/gateway/status 200 17.188561ms"}
{"level":"debug","component":"http","time":"2026-06-30T06:05:41Z","caller":"/workspaces/picoclaw/web/backend/middleware/middleware.go:64","message":"GET /api/gateway/status 200 10.115026ms"}
{"level":"debug","component":"http","time":"2026-06-30T06:05:42Z","caller":"/workspaces/picoclaw/web/backend/middleware/middleware.go:64","message":"GET /api/gateway/status 200 13.866907ms"}
{"level":"debug","component":"http","time":"2026-06-30T06:05:44Z","caller":"/workspaces/picoclaw/web/backend/middleware/middleware.go:64","message":"GET /api/gateway/status 200 10.645554ms"}
{"level":"debug","component":"http","time":"2026-06-30T06:05:45Z","caller":"/workspaces/picoclaw/web/backend/middleware/middleware.go:64","message":"GET /api/gateway/status 200 10.986392ms"}
{"level":"debug","component":"http","time":"2026-06-30T06:05:47Z","caller":"/workspaces/picoclaw/web/backend/middleware/middleware.go:64","message":"GET /api/gateway/status 200 10.102123ms"}
{"level":"debug","component":"http","time":"2026-06-30T06:05:48Z","caller":"/workspaces/picoclaw/web/backend/middleware/middleware.go:64","message":"GET /api/gateway/status 200 11.577475ms"}
{"level":"debug","component":"http","time":"2026-06-30T06:05:51Z","caller":"/workspaces/picoclaw/web/backend/middleware/middleware.go:64","message":"GET /api/gateway/status 200 10.961876ms"}
{"level":"debug","component":"http","time":"2026-06-30T06:05:51Z","caller":"/workspaces/picoclaw/web/backend/middleware/middleware.go:64","message":"GET /api/gateway/status 200 10.258034ms"}
{"level":"debug","component":"http","time":"2026-06-30T06:05:53Z","caller":"/workspaces/picoclaw/web/backend/middleware/middleware.go:64","message":"GET /api/gateway/status 200 11.411044ms"}
{"level":"debug","component":"http","time":"2026-06-30T06:05:54Z","caller":"/workspaces/picoclaw/web/backend/middleware/middleware.go:64","message":"GET /api/gateway/status 200 10.551942ms"}
{"level":"debug","component":"http","time":"2026-06-30T06:05:56Z","caller":"/workspaces/picoclaw/web/backend/middleware/middleware.go:64","message":"GET /api/gateway/status 200 11.763963ms"}
{"level":"debug","component":"http","time":"2026-06-30T06:05:57Z","caller":"/workspaces/picoclaw/web/backend/middleware/middleware.go:64","message":"GET /api/gateway/status 200 9.942596ms"}
{"level":"debug","component":"http","time":"2026-06-30T06:05:59Z","caller":"/workspaces/picoclaw/web/backend/middleware/middleware.go:64","message":"GET /api/gateway/status 200 10.791047ms"}
{"level":"debug","component":"http","time":"2026-06-30T06:06:00Z","caller":"/workspaces/picoclaw/web/backend/middleware/middleware.go:64","message":"GET /api/gateway/status 200 9.899835ms"}
{"level":"debug","component":"http","time":"2026-06-30T06:06:02Z","caller":"/workspaces/picoclaw/web/backend/middleware/middleware.go:64","message":"GET /api/gateway/status 200 11.126233ms"}
{"level":"debug","component":"http","time":"2026-06-30T06:06:03Z","caller":"/workspaces/picoclaw/web/backend/middleware/middleware.go:64","message":"GET /api/gateway/status 200 9.792753ms"}
{"level":"debug","component":"http","time":"2026-06-30T06:06:05Z","caller":"/workspaces/picoclaw/web/backend/middleware/middleware.go:64","message":"GET /api/gateway/status 200 11.224637ms"}
{"level":"debug","component":"http","time":"2026-06-30T06:06:06Z","caller":"/workspaces/picoclaw/web/backend/middleware/middleware.go:64","message":"GET /api/gateway/status 200 16.234952ms"}
{"level":"debug","component":"http","time":"2026-06-30T06:06:08Z","caller":"/workspaces/picoclaw/web/backend/middleware/middleware.go:64","message":"GET /api/gateway/status 200 12.793493ms"}
{"level":"debug","component":"http","time":"2026-06-30T06:06:09Z","caller":"/workspaces/picoclaw/web/backend/middleware/middleware.go:64","message":"GET /api/gateway/status 200 10.163457ms"}
{"level":"debug","component":"http","time":"2026-06-30T06:06:11Z","caller":"/workspaces/picoclaw/web/backend/middleware/middleware.go:64","message":"GET /api/gateway/status 200 9.790792ms"}
{"level":"debug","component":"http","time":"2026-06-30T06:06:12Z","caller":"/workspaces/picoclaw/web/backend/middleware/middleware.go:64","message":"GET /api/gateway/status 200 11.785723ms"}
{"level":"debug","component":"http","time":"2026-06-30T06:06:14Z","caller":"/workspaces/picoclaw/web/backend/middleware/middleware.go:64","message":"GET /api/gateway/status 200 10.029537ms"}
{"level":"debug","component":"http","time":"2026-06-30T06:06:15Z","caller":"/workspaces/picoclaw/web/backend/middleware/middleware.go:64","message":"GET /api/gateway/status 200 11.527309ms"}
{"level":"debug","component":"http","time":"2026-06-30T06:06:17Z","caller":"/workspaces/picoclaw/web/backend/middleware/middleware.go:64","message":"GET /api/gateway/status 200 10.488403ms"}
{"level":"debug","component":"http","time":"2026-06-30T06:06:18Z","caller":"/workspaces/picoclaw/web/backend/middleware/middleware.go:64","message":"GET /api/gateway/status 200 9.75717ms"}
{"level":"debug","component":"http","time":"2026-06-30T06:06:21Z","caller":"/workspaces/picoclaw/web/backend/middleware/middleware.go:64","message":"GET /api/gateway/status 200 11.575431ms"}
{"level":"debug","component":"http","time":"2026-06-30T06:06:21Z","caller":"/workspaces/picoclaw/web/backend/middleware/middleware.go:64","message":"GET /api/gateway/status 200 10.070774ms"}
{"level":"debug","component":"http","time":"2026-06-30T06:06:23Z","caller":"/workspaces/picoclaw/web/backend/middleware/middleware.go:64","message":"GET /api/gateway/status 200 12.034658ms"}
{"level":"debug","component":"http","time":"2026-06-30T06:06:24Z","caller":"/workspaces/picoclaw/web/backend/middleware/middleware.go:64","message":"GET /api/gateway/status 200 9.746389ms"}
{"level":"debug","component":"http","time":"2026-06-30T06:06:26Z","caller":"/workspaces/picoclaw/web/backend/middleware/middleware.go:64","message":"GET /api/gateway/status 200 12.069473ms"}
{"level":"debug","component":"http","time":"2026-06-30T06:06:27Z","caller":"/workspaces/picoclaw/web/backend/middleware/middleware.go:64","message":"GET /api/gateway/status 200 9.770011ms"}
{"level":"debug","component":"http","time":"2026-06-30T06:06:29Z","caller":"/workspaces/picoclaw/web/backend/middleware/middleware.go:64","message":"GET /api/gateway/status 200 11.351135ms"}
{"level":"debug","component":"http","time":"2026-06-30T06:06:30Z","caller":"/workspaces/picoclaw/web/backend/middleware/middleware.go:64","message":"GET /api/gateway/status 200 10.993986ms"}
{"level":"debug","component":"http","time":"2026-06-30T06:06:31Z","caller":"/workspaces/picoclaw/web/backend/middleware/middleware.go:64","message":"GET /api/gateway/status 200 11.12456ms"}
{"level":"debug","component":"http","time":"2026-06-30T06:06:33Z","caller":"/workspaces/picoclaw/web/backend/middleware/middleware.go:64","message":"GET /api/gateway/status 200 10.226886ms"}
{"level":"debug","component":"http","time":"2026-06-30T06:06:34Z","caller":"/workspaces/picoclaw/web/backend/middleware/middleware.go:64","message":"GET /api/gateway/status 200 11.07069ms"}
{"level":"debug","component":"http","time":"2026-06-30T06:06:36Z","caller":"/workspaces/picoclaw/web/backend/middleware/middleware.go:64","message":"GET /api/gateway/status 200 10.098916ms"}
{"level":"debug","component":"http","time":"2026-06-30T06:06:37Z","caller":"/workspaces/picoclaw/web/backend/middleware/middleware.go:64","message":"GET /api/gateway/status 200 22.837224ms"}
{"level":"debug","component":"http","time":"2026-06-30T06:06:39Z","caller":"/workspaces/picoclaw/web/backend/middleware/middleware.go:64","message":"GET /api/gateway/status 200 21.188552ms"}
{"level":"debug","component":"http","time":"2026-06-30T06:06:40Z","caller":"/workspaces/picoclaw/web/backend/middleware/middleware.go:64","message":"GET /api/gateway/status 200 11.682902ms"}
{"level":"debug","component":"http","time":"2026-06-30T06:06:42Z","caller":"/workspaces/picoclaw/web/backend/middleware/middleware.go:64","message":"GET /api/gateway/status 200 45.337575ms"}
{"level":"debug","component":"http","time":"2026-06-30T06:06:43Z","caller":"/workspaces/picoclaw/web/backend/middleware/middleware.go:64","message":"GET /api/gateway/status 200 11.274622ms"}
{"level":"debug","component":"http","time":"2026-06-30T06:06:45Z","caller":"/workspaces/picoclaw/web/backend/middleware/middleware.go:64","message":"GET /api/gateway/status 200 15.254035ms"}
{"level":"debug","component":"http","time":"2026-06-30T06:06:46Z","caller":"/workspaces/picoclaw/web/backend/middleware/middleware.go:64","message":"GET /api/gateway/status 200 27.031723ms"}
{"level":"debug","component":"http","time":"2026-06-30T06:06:48Z","caller":"/workspaces/picoclaw/web/backend/middleware/middleware.go:64","message":"GET /api/gateway/status 200 9.903111ms"}
{"level":"debug","component":"http","time":"2026-06-30T06:06:49Z","caller":"/workspaces/picoclaw/web/backend/middleware/middleware.go:64","message":"GET /api/gateway/status 200 12.18205ms"}
{"level":"debug","component":"http","time":"2026-06-30T06:06:51Z","caller":"/workspaces/picoclaw/web/backend/middleware/middleware.go:64","message":"GET /api/gateway/status 200 10.681343ms"}
{"level":"debug","component":"http","time":"2026-06-30T06:06:52Z","caller":"/workspaces/picoclaw/web/backend/middleware/middleware.go:64","message":"GET /api/gateway/status 200 27.666092ms"}
{"level":"debug","component":"http","time":"2026-06-30T06:06:54Z","caller":"/workspaces/picoclaw/web/backend/middleware/middleware.go:64","message":"GET /api/gateway/status 200 10.189947ms"}
{"level":"debug","component":"http","time":"2026-06-30T06:06:55Z","caller":"/workspaces/picoclaw/web/backend/middleware/middleware.go:64","message":"GET /api/gateway/status 200 11.292385ms"}
{"level":"debug","component":"http","time":"2026-06-30T06:06:57Z","caller":"/workspaces/picoclaw/web/backend/middleware/middleware.go:64","message":"GET /api/gateway/status 200 10.610609ms"}
{"level":"debug","component":"http","time":"2026-06-30T06:06:58Z","caller":"/workspaces/picoclaw/web/backend/middleware/middleware.go:64","message":"GET /api/gateway/status 200 11.560363ms"}
{"level":"debug","component":"http","time":"2026-06-30T06:07:00Z","caller":"/workspaces/picoclaw/web/backend/middleware/middleware.go:64","message":"GET /api/gateway/status 200 10.015178ms"}
{"level":"debug","component":"http","time":"2026-06-30T06:07:01Z","caller":"/workspaces/picoclaw/web/backend/middleware/middleware.go:64","message":"GET /api/gateway/status 200 11.775505ms"}
{"level":"debug","component":"http","time":"2026-06-30T06:07:03Z","caller":"/workspaces/picoclaw/web/backend/middleware/middleware.go:64","message":"GET /api/gateway/status 200 19.067275ms"}
{"level":"debug","component":"http","time":"2026-06-30T06:07:04Z","caller":"/workspaces/picoclaw/web/backend/middleware/middleware.go:64","message":"GET /api/gateway/status 200 28.576609ms"}
{"level":"debug","component":"http","time":"2026-06-30T06:07:06Z","caller":"/workspaces/picoclaw/web/backend/middleware/middleware.go:64","message":"GET /api/gateway/status 200 43.210528ms"}
{"level":"debug","component":"http","time":"2026-06-30T06:07:07Z","caller":"/workspaces/picoclaw/web/backend/middleware/middleware.go:64","message":"GET /api/gateway/status 200 10.610553ms"}
{"level":"debug","component":"http","time":"2026-06-30T06:07:09Z","caller":"/workspaces/picoclaw/web/backend/middleware/middleware.go:64","message":"GET /api/gateway/status 200 16.03684ms"}
{"level":"debug","component":"http","time":"2026-06-30T06:07:10Z","caller":"/workspaces/picoclaw/web/backend/middleware/middleware.go:64","message":"GET /api/gateway/status 200 11.816563ms"}
{"level":"debug","component":"http","time":"2026-06-30T06:07:12Z","caller":"/workspaces/picoclaw/web/backend/middleware/middleware.go:64","message":"GET /api/gateway/status 200 9.954698ms"}
{"level":"debug","component":"http","time":"2026-06-30T06:07:13Z","caller":"/workspaces/picoclaw/web/backend/middleware/middleware.go:64","message":"GET /api/gateway/status 200 18.3835ms"}
{"level":"debug","component":"http","time":"2026-06-30T06:07:15Z","caller":"/workspaces/picoclaw/web/backend/middleware/middleware.go:64","message":"GET /api/gateway/status 200 10.096731ms"}
{"level":"debug","component":"http","time":"2026-06-30T06:07:16Z","caller":"/workspaces/picoclaw/web/backend/middleware/middleware.go:64","message":"GET /api/gateway/status 200 25.861686ms"}
{"level":"debug","component":"http","time":"2026-06-30T06:07:18Z","caller":"/workspaces/picoclaw/web/backend/middleware/middleware.go:64","message":"GET /api/gateway/status 200 21.939622ms"}
{"level":"debug","component":"http","time":"2026-06-30T06:07:19Z","caller":"/workspaces/picoclaw/web/backend/middleware/middleware.go:64","message":"GET /api/gateway/status 200 10.208551ms"}
{"level":"debug","component":"http","time":"2026-06-30T06:07:21Z","caller":"/workspaces/picoclaw/web/backend/middleware/middleware.go:64","message":"GET /api/gateway/status 200 11.720261ms"}
{"level":"debug","component":"http","time":"2026-06-30T06:07:22Z","caller":"/workspaces/picoclaw/web/backend/middleware/middleware.go:64","message":"GET /api/gateway/status 200 10.889795ms"}
{"level":"debug","component":"http","time":"2026-06-30T06:07:24Z","caller":"/workspaces/picoclaw/web/backend/middleware/middleware.go:64","message":"GET /api/gateway/status 200 12.21829ms"}
{"level":"debug","component":"http","time":"2026-06-30T06:07:25Z","caller":"/workspaces/picoclaw/web/backend/middleware/middleware.go:64","message":"GET /api/gateway/status 200 10.193681ms"}
{"level":"debug","component":"http","time":"2026-06-30T06:07:27Z","caller":"/workspaces/picoclaw/web/backend/middleware/middleware.go:64","message":"GET /api/gateway/status 200 12.836163ms"}
{"level":"debug","component":"http","time":"2026-06-30T06:07:28Z","caller":"/workspaces/picoclaw/web/backend/middleware/middleware.go:64","message":"GET /api/gateway/status 200 33.112214ms"}
{"level":"debug","component":"http","time":"2026-06-30T06:07:30Z","caller":"/workspaces/picoclaw/web/backend/middleware/middleware.go:64","message":"GET /api/gateway/status 200 11.251607ms"}
{"level":"debug","component":"http","time":"2026-06-30T06:07:31Z","caller":"/workspaces/picoclaw/web/backend/middleware/middleware.go:64","message":"GET /api/gateway/status 200 12.567669ms"}
{"level":"debug","component":"http","time":"2026-06-30T06:07:33Z","caller":"/workspaces/picoclaw/web/backend/middleware/middleware.go:64","message":"GET /api/gateway/status 200 11.762039ms"}
{"level":"debug","component":"http","time":"2026-06-30T06:07:34Z","caller":"/workspaces/picoclaw/web/backend/middleware/middleware.go:64","message":"GET /api/gateway/status 200 10.365214ms"}
{"level":"debug","component":"http","time":"2026-06-30T06:07:36Z","caller":"/workspaces/picoclaw/web/backend/middleware/middleware.go:64","message":"GET /api/gateway/status 200 11.197866ms"}
{"level":"debug","component":"http","time":"2026-06-30T06:07:37Z","caller":"/workspaces/picoclaw/web/backend/middleware/middleware.go:64","message":"GET /api/gateway/status 200 11.633579ms"}
{"level":"debug","component":"http","time":"2026-06-30T06:07:39Z","caller":"/workspaces/picoclaw/web/backend/middleware/middleware.go:64","message":"GET /api/gateway/status 200 11.836989ms"}
{"level":"debug","component":"http","time":"2026-06-30T06:07:40Z","caller":"/workspaces/picoclaw/web/backend/middleware/middleware.go:64","message":"GET /api/gateway/status 200 10.660577ms"}
{"level":"debug","component":"http","time":"2026-06-30T06:07:42Z","caller":"/workspaces/picoclaw/web/backend/middleware/middleware.go:64","message":"GET /api/gateway/status 200 12.932389ms"}
{"level":"debug","component":"http","time":"2026-06-30T06:07:43Z","caller":"/workspaces/picoclaw/web/backend/middleware/middleware.go:64","message":"GET /api/gateway/status 200 10.332855ms"}
{"level":"debug","component":"http","time":"2026-06-30T06:07:45Z","caller":"/workspaces/picoclaw/web/backend/middleware/middleware.go:64","message":"GET /api/gateway/status 200 10.402484ms"}
{"level":"debug","component":"http","time":"2026-06-30T06:07:46Z","caller":"/workspaces/picoclaw/web/backend/middleware/middleware.go:64","message":"GET /api/gateway/status 200 11.44127ms"}
{"level":"debug","component":"http","time":"2026-06-30T06:07:48Z","caller":"/workspaces/picoclaw/web/backend/middleware/middleware.go:64","message":"GET /api/gateway/status 200 10.619739ms"}
{"level":"debug","component":"http","time":"2026-06-30T06:07:49Z","caller":"/workspaces/picoclaw/web/backend/middleware/middleware.go:64","message":"GET /api/gateway/status 200 13.124683ms"}
{"level":"debug","component":"http","time":"2026-06-30T06:07:52Z","caller":"/workspaces/picoclaw/web/backend/middleware/middleware.go:64","message":"GET /api/gateway/status 200 11.683585ms"}
{"level":"debug","component":"http","time":"2026-06-30T06:07:52Z","caller":"/workspaces/picoclaw/web/backend/middleware/middleware.go:64","message":"GET /api/gateway/status 200 17.470737ms"}
{"level":"debug","component":"http","time":"2026-06-30T06:07:54Z","caller":"/workspaces/picoclaw/web/backend/middleware/middleware.go:64","message":"GET /api/gateway/status 200 10.660374ms"}
{"level":"debug","component":"http","time":"2026-06-30T06:07:55Z","caller":"/workspaces/picoclaw/web/backend/middleware/middleware.go:64","message":"GET /api/gateway/status 200 21.181632ms"}
{"level":"debug","component":"http","time":"2026-06-30T06:07:57Z","caller":"/workspaces/picoclaw/web/backend/middleware/middleware.go:64","message":"GET /api/gateway/status 200 21.314045ms"}
{"level":"debug","component":"http","time":"2026-06-30T06:07:58Z","caller":"/workspaces/picoclaw/web/backend/middleware/middleware.go:64","message":"GET /api/gateway/status 200 10.129562ms"}
{"level":"debug","component":"http","time":"2026-06-30T06:08:00Z","caller":"/workspaces/picoclaw/web/backend/middleware/middleware.go:64","message":"GET /api/gateway/status 200 35.449003ms"}
{"level":"debug","component":"http","time":"2026-06-30T06:08:01Z","caller":"/workspaces/picoclaw/web/backend/middleware/middleware.go:64","message":"GET /api/gateway/status 200 9.95461ms"}
{"level":"debug","component":"http","time":"2026-06-30T06:08:03Z","caller":"/workspaces/picoclaw/web/backend/middleware/middleware.go:64","message":"GET /api/gateway/status 200 11.722334ms"}
{"level":"debug","component":"http","time":"2026-06-30T06:08:04Z","caller":"/workspaces/picoclaw/web/backend/middleware/middleware.go:64","message":"GET /api/gateway/status 200 13.554753ms"}
{"level":"debug","component":"http","time":"2026-06-30T06:08:06Z","caller":"/workspaces/picoclaw/web/backend/middleware/middleware.go:64","message":"GET /api/gateway/status 200 11.284425ms"}
{"level":"debug","component":"http","time":"2026-06-30T06:08:07Z","caller":"/workspaces/picoclaw/web/backend/middleware/middleware.go:64","message":"GET /api/gateway/status 200 20.942896ms"}
{"level":"debug","component":"http","time":"2026-06-30T06:08:09Z","caller":"/workspaces/picoclaw/web/backend/middleware/middleware.go:64","message":"GET /api/gateway/status 200 33.001413ms"}
{"level":"debug","component":"http","time":"2026-06-30T06:08:10Z","caller":"/workspaces/picoclaw/web/backend/middleware/middleware.go:64","message":"GET /api/gateway/status 200 11.406296ms"}
{"level":"debug","component":"http","time":"2026-06-30T06:08:12Z","caller":"/workspaces/picoclaw/web/backend/middleware/middleware.go:64","message":"GET /api/gateway/status 200 10.207019ms"}
{"level":"debug","component":"http","time":"2026-06-30T06:08:13Z","caller":"/workspaces/picoclaw/web/backend/middleware/middleware.go:64","message":"GET /api/gateway/status 200 10.851363ms"}
{"level":"debug","component":"http","time":"2026-06-30T06:08:15Z","caller":"/workspaces/picoclaw/web/backend/middleware/middleware.go:64","message":"GET /api/gateway/status 200 14.350918ms"}
{"level":"debug","component":"http","time":"2026-06-30T06:08:16Z","caller":"/workspaces/picoclaw/web/backend/middleware/middleware.go:64","message":"GET /api/gateway/status 200 12.074151ms"}
{"level":"debug","component":"http","time":"2026-06-30T06:08:18Z","caller":"/workspaces/picoclaw/web/backend/middleware/middleware.go:64","message":"GET /api/gateway/status 200 10.2026ms"}
{"level":"debug","component":"http","time":"2026-06-30T06:08:19Z","caller":"/workspaces/picoclaw/web/backend/middleware/middleware.go:64","message":"GET /api/gateway/status 200 20.598433ms"}
{"level":"debug","component":"http","time":"2026-06-30T06:08:22Z","caller":"/workspaces/picoclaw/web/backend/middleware/middleware.go:64","message":"GET /api/gateway/status 200 10.404937ms"}
{"level":"debug","component":"http","time":"2026-06-30T06:08:22Z","caller":"/workspaces/picoclaw/web/backend/middleware/middleware.go:64","message":"GET /api/gateway/status 200 11.957724ms"}
{"level":"debug","component":"http","time":"2026-06-30T06:08:24Z","caller":"/workspaces/picoclaw/web/backend/middleware/middleware.go:64","message":"GET /api/gateway/status 200 36.69374ms"}
{"level":"debug","component":"http","time":"2026-06-30T06:08:25Z","caller":"/workspaces/picoclaw/web/backend/middleware/middleware.go:64","message":"GET /api/gateway/status 200 11.642115ms"}
{"level":"debug","component":"http","time":"2026-06-30T06:08:27Z","caller":"/workspaces/picoclaw/web/backend/middleware/middleware.go:64","message":"GET /api/gateway/status 200 11.404214ms"}
{"level":"debug","component":"http","time":"2026-06-30T06:08:28Z","caller":"/workspaces/picoclaw/web/backend/middleware/middleware.go:64","message":"GET /api/gateway/status 200 10.069051ms"}
{"level":"debug","component":"http","time":"2026-06-30T06:08:30Z","caller":"/workspaces/picoclaw/web/backend/middleware/middleware.go:64","message":"GET /api/gateway/status 200 12.173991ms"}
{"level":"debug","component":"http","time":"2026-06-30T06:08:31Z","caller":"/workspaces/picoclaw/web/backend/middleware/middleware.go:64","message":"GET /api/gateway/status 200 10.095062ms"}
{"level":"debug","component":"http","time":"2026-06-30T06:08:33Z","caller":"/workspaces/picoclaw/web/backend/middleware/middleware.go:64","message":"GET /api/gateway/status 200 11.344737ms"}
{"level":"debug","component":"http","time":"2026-06-30T06:08:34Z","caller":"/workspaces/picoclaw/web/backend/middleware/middleware.go:64","message":"GET /api/gateway/status 200 10.962851ms"}
{"level":"debug","component":"http","time":"2026-06-30T06:08:36Z","caller":"/workspaces/picoclaw/web/backend/middleware/middleware.go:64","message":"GET /api/gateway/status 200 9.826629ms"}
{"level":"debug","component":"http","time":"2026-06-30T06:08:37Z","caller":"/workspaces/picoclaw/web/backend/middleware/middleware.go:64","message":"GET /api/gateway/status 200 10.733841ms"}
{"level":"debug","component":"http","time":"2026-06-30T06:08:39Z","caller":"/workspaces/picoclaw/web/backend/middleware/middleware.go:64","message":"GET /api/gateway/status 200 17.113441ms"}
{"level":"debug","component":"http","time":"2026-06-30T06:08:40Z","caller":"/workspaces/picoclaw/web/backend/middleware/middleware.go:64","message":"GET /api/gateway/status 200 11.116064ms"}
{"level":"debug","component":"http","time":"2026-06-30T06:08:42Z","caller":"/workspaces/picoclaw/web/backend/middleware/middleware.go:64","message":"GET /api/gateway/status 200 11.707842ms"}
{"level":"debug","component":"http","time":"2026-06-30T06:08:43Z","caller":"/workspaces/picoclaw/web/backend/middleware/middleware.go:64","message":"GET /api/gateway/status 200 10.056046ms"}
{"level":"debug","component":"http","time":"2026-06-30T06:08:45Z","caller":"/workspaces/picoclaw/web/backend/middleware/middleware.go:64","message":"GET /api/gateway/status 200 12.147358ms"}
{"level":"debug","component":"http","time":"2026-06-30T06:08:46Z","caller":"/workspaces/picoclaw/web/backend/middleware/middleware.go:64","message":"GET /api/gateway/status 200 9.967071ms"}
{"level":"debug","component":"http","time":"2026-06-30T06:08:48Z","caller":"/workspaces/picoclaw/web/backend/middleware/middleware.go:64","message":"GET /api/gateway/status 200 34.163062ms"}
{"level":"debug","component":"http","time":"2026-06-30T06:08:49Z","caller":"/workspaces/picoclaw/web/backend/middleware/middleware.go:64","message":"GET /api/gateway/status 200 10.138601ms"}
{"level":"debug","component":"http","time":"2026-06-30T06:08:51Z","caller":"/workspaces/picoclaw/web/backend/middleware/middleware.go:64","message":"GET /api/gateway/status 200 23.673715ms"}
{"level":"debug","component":"http","time":"2026-06-30T06:08:52Z","caller":"/workspaces/picoclaw/web/backend/middleware/middleware.go:64","message":"GET /api/gateway/status 200 9.713798ms"}
{"level":"debug","component":"http","time":"2026-06-30T06:08:54Z","caller":"/workspaces/picoclaw/web/backend/middleware/middleware.go:64","message":"GET /api/gateway/status 200 10.897887ms"}
{"level":"debug","component":"http","time":"2026-06-30T06:08:55Z","caller":"/workspaces/picoclaw/web/backend/middleware/middleware.go:64","message":"GET /api/gateway/status 200 13.782958ms"}
{"level":"debug","component":"http","time":"2026-06-30T06:08:56Z","caller":"/workspaces/picoclaw/web/backend/middleware/middleware.go:64","message":"GET /api/gateway/status 200 9.970146ms"}
{"level":"debug","component":"http","time":"2026-06-30T06:08:58Z","caller":"/workspaces/picoclaw/web/backend/middleware/middleware.go:64","message":"GET /api/gateway/status 200 10.37829ms"}
{"level":"debug","component":"http","time":"2026-06-30T06:08:58Z","caller":"/workspaces/picoclaw/web/backend/middleware/middleware.go:64","message":"GET /api/gateway/status 200 18.177676ms"}
{"level":"debug","component":"http","time":"2026-06-30T06:09:00Z","caller":"/workspaces/picoclaw/web/backend/middleware/middleware.go:64","message":"GET /api/gateway/status 200 11.41391ms"}
{"level":"debug","component":"http","time":"2026-06-30T06:09:01Z","caller":"/workspaces/picoclaw/web/backend/middleware/middleware.go:64","message":"GET /api/gateway/status 200 10.388497ms"}
{"level":"debug","component":"http","time":"2026-06-30T06:09:03Z","caller":"/workspaces/picoclaw/web/backend/middleware/middleware.go:64","message":"GET /api/gateway/status 200 31.433233ms"}
{"level":"debug","component":"http","time":"2026-06-30T06:09:04Z","caller":"/workspaces/picoclaw/web/backend/middleware/middleware.go:64","message":"GET /api/gateway/status 200 12.700736ms"}
{"level":"debug","component":"http","time":"2026-06-30T06:09:06Z","caller":"/workspaces/picoclaw/web/backend/middleware/middleware.go:64","message":"GET /api/gateway/status 200 12.049105ms"}
{"level":"debug","component":"http","time":"2026-06-30T06:09:07Z","caller":"/workspaces/picoclaw/web/backend/middleware/middleware.go:64","message":"GET /api/gateway/status 200 10.244706ms"}
{"level":"debug","component":"http","time":"2026-06-30T06:09:08Z","caller":"/workspaces/picoclaw/web/backend/middleware/middleware.go:64","message":"GET /api/gateway/status 200 20.74281ms"}
{"level":"debug","component":"http","time":"2026-06-30T06:09:10Z","caller":"/workspaces/picoclaw/web/backend/middleware/middleware.go:64","message":"GET /api/gateway/status 200 10.13779ms"}
{"level":"debug","component":"http","time":"2026-06-30T06:09:11Z","caller":"/workspaces/picoclaw/web/backend/middleware/middleware.go:64","message":"GET /api/gateway/status 200 11.672956ms"}
{"level":"debug","component":"http","time":"2026-06-30T06:09:12Z","caller":"/workspaces/picoclaw/web/backend/middleware/middleware.go:64","message":"GET /api/gateway/status 200 9.847007ms"}
{"level":"debug","component":"http","time":"2026-06-30T06:09:14Z","caller":"/workspaces/picoclaw/web/backend/middleware/middleware.go:64","message":"GET /api/gateway/status 200 11.726054ms"}
{"level":"debug","component":"http","time":"2026-06-30T06:09:15Z","caller":"/workspaces/picoclaw/web/backend/middleware/middleware.go:64","message":"GET /api/gateway/status 200 10.061747ms"}
{"level":"debug","component":"http","time":"2026-06-30T06:09:16Z","caller":"/workspaces/picoclaw/web/backend/middleware/middleware.go:64","message":"GET /api/gateway/status 200 11.563091ms"}
{"level":"debug","component":"http","time":"2026-06-30T06:09:18Z","caller":"/workspaces/picoclaw/web/backend/middleware/middleware.go:64","message":"GET /api/gateway/status 200 19.999173ms"}
{"level":"debug","component":"http","time":"2026-06-30T06:09:19Z","caller":"/workspaces/picoclaw/web/backend/middleware/middleware.go:64","message":"GET /api/gateway/status 200 14.906244ms"}
{"level":"debug","component":"http","time":"2026-06-30T06:09:21Z","caller":"/workspaces/picoclaw/web/backend/middleware/middleware.go:64","message":"GET /api/gateway/status 200 11.872645ms"}
{"level":"debug","component":"http","time":"2026-06-30T06:09:21Z","caller":"/workspaces/picoclaw/web/backend/middleware/middleware.go:64","message":"GET /api/gateway/status 200 13.170915ms"}
{"level":"debug","component":"http","time":"2026-06-30T06:09:23Z","caller":"/workspaces/picoclaw/web/backend/middleware/middleware.go:64","message":"GET /api/gateway/status 200 12.538577ms"}
{"level":"debug","component":"http","time":"2026-06-30T06:09:24Z","caller":"/workspaces/picoclaw/web/backend/middleware/middleware.go:64","message":"GET /api/gateway/status 200 11.506622ms"}
{"level":"debug","component":"http","time":"2026-06-30T06:09:26Z","caller":"/workspaces/picoclaw/web/backend/middleware/middleware.go:64","message":"GET /api/gateway/status 200 10.153939ms"}
{"level":"debug","component":"http","time":"2026-06-30T06:09:26Z","caller":"/workspaces/picoclaw/web/backend/middleware/middleware.go:64","message":"GET /api/gateway/status 200 10.305542ms"}
{"level":"debug","component":"http","time":"2026-06-30T06:09:28Z","caller":"/workspaces/picoclaw/web/backend/middleware/middleware.go:64","message":"GET /api/gateway/status 200 11.559821ms"}
{"level":"debug","component":"http","time":"2026-06-30T06:09:29Z","caller":"/workspaces/picoclaw/web/backend/middleware/middleware.go:64","message":"GET /api/gateway/status 200 11.890398ms"}
{"level":"debug","component":"http","time":"2026-06-30T06:09:30Z","caller":"/workspaces/picoclaw/web/backend/middleware/middleware.go:64","message":"GET /api/gateway/status 200 10.173496ms"}
{"level":"debug","component":"http","time":"2026-06-30T06:09:32Z","caller":"/workspaces/picoclaw/web/backend/middleware/middleware.go:64","message":"GET /api/gateway/status 200 11.168379ms"}
{"level":"debug","component":"http","time":"2026-06-30T06:09:33Z","caller":"/workspaces/picoclaw/web/backend/middleware/middleware.go:64","message":"GET /api/gateway/status 200 10.097004ms"}
{"level":"debug","component":"http","time":"2026-06-30T06:09:35Z","caller":"/workspaces/picoclaw/web/backend/middleware/middleware.go:64","message":"GET /api/gateway/status 200 11.196714ms"}
{"level":"debug","component":"http","time":"2026-06-30T06:09:36Z","caller":"/workspaces/picoclaw/web/backend/middleware/middleware.go:64","message":"GET /api/gateway/status 200 41.318128ms"}
{"level":"debug","component":"http","time":"2026-06-30T06:09:38Z","caller":"/workspaces/picoclaw/web/backend/middleware/middleware.go:64","message":"GET /api/gateway/status 200 11.535178ms"}
{"level":"debug","component":"http","time":"2026-06-30T06:09:39Z","caller":"/workspaces/picoclaw/web/backend/middleware/middleware.go:64","message":"GET /api/gateway/status 200 78.708801ms"}
{"level":"debug","component":"http","time":"2026-06-30T06:09:41Z","caller":"/workspaces/picoclaw/web/backend/middleware/middleware.go:64","message":"GET /api/gateway/status 200 12.789883ms"}
{"level":"debug","component":"http","time":"2026-06-30T06:09:42Z","caller":"/workspaces/picoclaw/web/backend/middleware/middleware.go:64","message":"GET /api/gateway/status 200 10.945526ms"}
{"level":"info","component":"web","time":"2026-06-30T06:11:16Z","caller":"/workspaces/picoclaw/web/backend/main.go:488","message":"PicoClaw launcher starting (version nightly-48-g52320f48-dirty)..."}
{"level":"info","component":"web","time":"2026-06-30T06:11:16Z","caller":"/workspaces/picoclaw/web/backend/main.go:489","message":"PicoClaw Home: /workspaces/picoclaw/.runtime/picoclaw-home"}
{"level":"info","component":"web","time":"2026-06-30T06:11:16Z","caller":"/workspaces/picoclaw/web/backend/main.go:491","message":"Debug mode enabled"}
{"level":"debug","component":"web","time":"2026-06-30T06:11:16Z","caller":"/workspaces/picoclaw/web/backend/main.go:492","message":"Launcher flags: console=false host=\"127.0.0.1\" public=false no_browser=true config=/workspaces/picoclaw/.runtime/picoclaw-home/config.json"}
{"level":"info","component":"web","time":"2026-06-30T06:11:16Z","caller":"/workspaces/picoclaw/web/backend/main.go:712","message":"Server will listen on http://127.0.0.1:18900"}
{"level":"info","component":"web","time":"2026-06-30T06:11:16Z","caller":"/workspaces/picoclaw/web/backend/main.go:739","message":"Server listening on 127.0.0.1:18900"}
{"level":"info","component":"gateway","time":"2026-06-30T06:11:17Z","caller":"/workspaces/picoclaw/web/backend/api/gateway.go:1033","message":"Starting gateway process (/workspaces/picoclaw/build/picoclaw)"}
{"level":"info","component":"gateway","time":"2026-06-30T06:11:17Z","caller":"/workspaces/picoclaw/web/backend/api/gateway.go:1089","message":"Started picoclaw gateway (PID: 31848) from /workspaces/picoclaw/build/picoclaw"}
{"level":"info","component":"gateway","time":"2026-06-30T06:11:17Z","caller":"/workspaces/picoclaw/web/backend/api/gateway.go:367","message":"Gateway auto-started (PID: 31848)"}
{"level":"info","component":"gateway","time":"2026-06-30T06:11:17Z","caller":"/workspaces/picoclaw/web/backend/api/gateway.go:1145","message":"Gateway pidFile detected (PID: 31848, port: 18790)"}
{"level":"debug","component":"http","time":"2026-06-30T06:13:08Z","caller":"/workspaces/picoclaw/web/backend/middleware/middleware.go:64","message":"GET /mobile 302 37.069µs"}
{"level":"debug","component":"http","time":"2026-06-30T06:13:08Z","caller":"/workspaces/picoclaw/web/backend/middleware/middleware.go:64","message":"GET /launcher-login 200 172.725µs"}
{"level":"debug","component":"http","time":"2026-06-30T06:13:08Z","caller":"/workspaces/picoclaw/web/backend/middleware/middleware.go:64","message":"GET /assets/index-nJOD9FQi.js 200 697.751µs"}
{"level":"debug","component":"http","time":"2026-06-30T06:13:08Z","caller":"/workspaces/picoclaw/web/backend/middleware/middleware.go:64","message":"GET /assets/redirect-DunpSC7m.js 200 188.301µs"}
{"level":"debug","component":"http","time":"2026-06-30T06:13:09Z","caller":"/workspaces/picoclaw/web/backend/middleware/middleware.go:64","message":"GET /assets/code-block-BYOpJmmR.js 200 61.534µs"}
{"level":"debug","component":"http","time":"2026-06-30T06:13:09Z","caller":"/workspaces/picoclaw/web/backend/middleware/middleware.go:64","message":"GET /assets/useStore-BpfQCKft.js 200 245.067µs"}
{"level":"debug","component":"http","time":"2026-06-30T06:13:09Z","caller":"/workspaces/picoclaw/web/backend/middleware/middleware.go:64","message":"GET /assets/http-CKrkVaSU.js 200 61.214µs"}
{"level":"debug","component":"http","time":"2026-06-30T06:13:09Z","caller":"/workspaces/picoclaw/web/backend/middleware/middleware.go:64","message":"GET /assets/useRouter-q7PhtPpY.js 200 61.695µs"}
{"level":"debug","component":"http","time":"2026-06-30T06:13:09Z","caller":"/workspaces/picoclaw/web/backend/middleware/middleware.go:64","message":"GET /assets/input-LKtf6RyI.js 200 313.785µs"}
{"level":"debug","component":"http","time":"2026-06-30T06:13:09Z","caller":"/workspaces/picoclaw/web/backend/middleware/middleware.go:64","message":"GET /assets/index-CYpljtc7.css 200 548.363µs"}
{"level":"debug","component":"http","time":"2026-06-30T06:13:09Z","caller":"/workspaces/picoclaw/web/backend/middleware/middleware.go:64","message":"GET /assets/shim-CE9EdP2i.js 200 195.484µs"}
{"level":"debug","component":"http","time":"2026-06-30T06:13:09Z","caller":"/workspaces/picoclaw/web/backend/middleware/middleware.go:64","message":"GET /assets/vanilla-DlAR4kjz.js 200 308.786µs"}
{"level":"debug","component":"http","time":"2026-06-30T06:13:10Z","caller":"/workspaces/picoclaw/web/backend/middleware/middleware.go:64","message":"GET /assets/label-C13F3Jt_.js 200 39.363µs"}
{"level":"debug","component":"http","time":"2026-06-30T06:13:10Z","caller":"/workspaces/picoclaw/web/backend/middleware/middleware.go:64","message":"GET /assets/card-DIltRSCu.js 200 33.552µs"}
{"level":"debug","component":"http","time":"2026-06-30T06:13:10Z","caller":"/workspaces/picoclaw/web/backend/middleware/middleware.go:64","message":"GET /assets/launcher-login-DRHoM3sH.js 200 117.439µs"}
{"level":"debug","component":"http","time":"2026-06-30T06:13:10Z","caller":"/workspaces/picoclaw/web/backend/middleware/middleware.go:64","message":"GET /api/auth/status 200 341.267µs"}
{"level":"debug","component":"http","time":"2026-06-30T06:13:16Z","caller":"/workspaces/picoclaw/web/backend/middleware/middleware.go:64","message":"POST /api/auth/login 200 269.555503ms"}
{"level":"debug","component":"http","time":"2026-06-30T06:13:16Z","caller":"/workspaces/picoclaw/web/backend/middleware/middleware.go:64","message":"GET /mobile 200 44.683µs"}
{"level":"debug","component":"http","time":"2026-06-30T06:13:16Z","caller":"/workspaces/picoclaw/web/backend/middleware/middleware.go:64","message":"GET /assets/index-nJOD9FQi.js 200 442.394µs"}
{"level":"debug","component":"http","time":"2026-06-30T06:13:16Z","caller":"/workspaces/picoclaw/web/backend/middleware/middleware.go:64","message":"GET /assets/useStore-BpfQCKft.js 200 315.248µs"}
{"level":"debug","component":"http","time":"2026-06-30T06:13:16Z","caller":"/workspaces/picoclaw/web/backend/middleware/middleware.go:64","message":"GET /assets/useRouter-q7PhtPpY.js 200 20.568µs"}
{"level":"debug","component":"http","time":"2026-06-30T06:13:16Z","caller":"/workspaces/picoclaw/web/backend/middleware/middleware.go:64","message":"GET /assets/http-CKrkVaSU.js 200 26.69µs"}
{"level":"debug","component":"http","time":"2026-06-30T06:13:16Z","caller":"/workspaces/picoclaw/web/backend/middleware/middleware.go:64","message":"GET /assets/shim-CE9EdP2i.js 200 280.103µs"}
{"level":"debug","component":"http","time":"2026-06-30T06:13:16Z","caller":"/workspaces/picoclaw/web/backend/middleware/middleware.go:64","message":"GET /assets/vanilla-DlAR4kjz.js 200 67.055µs"}
{"level":"debug","component":"http","time":"2026-06-30T06:13:16Z","caller":"/workspaces/picoclaw/web/backend/middleware/middleware.go:64","message":"GET /assets/index-CYpljtc7.css 200 205.403µs"}
{"level":"debug","component":"http","time":"2026-06-30T06:13:16Z","caller":"/workspaces/picoclaw/web/backend/middleware/middleware.go:64","message":"GET /assets/redirect-DunpSC7m.js 200 782.049µs"}
{"level":"debug","component":"http","time":"2026-06-30T06:13:16Z","caller":"/workspaces/picoclaw/web/backend/middleware/middleware.go:64","message":"GET /assets/input-LKtf6RyI.js 200 244.546µs"}
{"level":"debug","component":"http","time":"2026-06-30T06:13:16Z","caller":"/workspaces/picoclaw/web/backend/middleware/middleware.go:64","message":"GET /assets/code-block-BYOpJmmR.js 200 57.547µs"}
{"level":"debug","component":"http","time":"2026-06-30T06:13:17Z","caller":"/workspaces/picoclaw/web/backend/middleware/middleware.go:64","message":"GET /assets/IconCheck-DF3XwFBY.js 200 33.593µs"}
{"level":"debug","component":"http","time":"2026-06-30T06:13:17Z","caller":"/workspaces/picoclaw/web/backend/middleware/middleware.go:64","message":"GET /assets/IconChevronDown-_US_OTdS.js 200 20.128µs"}
{"level":"debug","component":"http","time":"2026-06-30T06:13:17Z","caller":"/workspaces/picoclaw/web/backend/middleware/middleware.go:64","message":"GET /assets/message-code-block-DSmfJ1EE.js 200 166.711µs"}
{"level":"debug","component":"http","time":"2026-06-30T06:13:17Z","caller":"/workspaces/picoclaw/web/backend/middleware/middleware.go:64","message":"GET /assets/IconDownload-Cg2iz88f.js 200 21.53µs"}
{"level":"debug","component":"http","time":"2026-06-30T06:13:17Z","caller":"/workspaces/picoclaw/web/backend/middleware/middleware.go:64","message":"GET /assets/IconPlus-yTA9WpDe.js 200 17.603µs"}
{"level":"debug","component":"http","time":"2026-06-30T06:13:17Z","caller":"/workspaces/picoclaw/web/backend/middleware/middleware.go:64","message":"GET /assets/mobile-DXiSH1XP.js 200 80.911µs"}
{"level":"debug","component":"http","time":"2026-06-30T06:13:17Z","caller":"/workspaces/picoclaw/web/backend/middleware/middleware.go:64","message":"GET /assets/image-input-CHxsxVLc.js 200 169.286µs"}
{"level":"debug","component":"http","time":"2026-06-30T06:13:17Z","caller":"/workspaces/picoclaw/web/backend/middleware/middleware.go:64","message":"GET /assets/lib-BNqUY0US.js 200 354.611µs"}
{"level":"debug","component":"http","time":"2026-06-30T06:13:18Z","caller":"/workspaces/picoclaw/web/backend/middleware/middleware.go:64","message":"GET /api/auth/status 200 219.76µs"}
{"level":"debug","component":"http","time":"2026-06-30T06:13:18Z","caller":"/workspaces/picoclaw/web/backend/middleware/middleware.go:64","message":"GET /api/gateway/status 200 32.428194ms"}
{"level":"debug","component":"http","time":"2026-06-30T06:13:20Z","caller":"/workspaces/picoclaw/web/backend/middleware/middleware.go:64","message":"GET /api/gateway/status 200 22.480401ms"}
{"level":"debug","component":"http","time":"2026-06-30T06:13:22Z","caller":"/workspaces/picoclaw/web/backend/middleware/middleware.go:64","message":"GET /api/gateway/status 200 19.458215ms"}
{"level":"debug","component":"http","time":"2026-06-30T06:13:24Z","caller":"/workspaces/picoclaw/web/backend/middleware/middleware.go:64","message":"GET /api/gateway/status 200 27.888957ms"}
{"level":"debug","component":"http","time":"2026-06-30T06:13:27Z","caller":"/workspaces/picoclaw/web/backend/middleware/middleware.go:64","message":"GET /api/gateway/status 200 20.609732ms"}
{"level":"debug","component":"http","time":"2026-06-30T06:13:29Z","caller":"/workspaces/picoclaw/web/backend/middleware/middleware.go:64","message":"GET /api/gateway/status 200 46.463084ms"}
{"level":"debug","component":"http","time":"2026-06-30T06:13:31Z","caller":"/workspaces/picoclaw/web/backend/middleware/middleware.go:64","message":"GET /api/gateway/status 200 38.104887ms"}
{"level":"debug","component":"http","time":"2026-06-30T06:13:33Z","caller":"/workspaces/picoclaw/web/backend/middleware/middleware.go:64","message":"GET /api/gateway/status 200 23.700247ms"}
{"level":"debug","component":"http","time":"2026-06-30T06:13:36Z","caller":"/workspaces/picoclaw/web/backend/middleware/middleware.go:64","message":"GET /api/gateway/status 200 18.885295ms"}
{"level":"debug","component":"http","time":"2026-06-30T06:13:38Z","caller":"/workspaces/picoclaw/web/backend/middleware/middleware.go:64","message":"GET /api/gateway/status 200 22.811659ms"}
{"level":"debug","component":"http","time":"2026-06-30T06:13:40Z","caller":"/workspaces/picoclaw/web/backend/middleware/middleware.go:64","message":"GET /api/gateway/status 200 19.225069ms"}
{"level":"debug","component":"http","time":"2026-06-30T06:13:42Z","caller":"/workspaces/picoclaw/web/backend/middleware/middleware.go:64","message":"GET /api/gateway/status 200 19.748428ms"}
{"level":"debug","component":"http","time":"2026-06-30T06:13:44Z","caller":"/workspaces/picoclaw/web/backend/middleware/middleware.go:64","message":"GET /api/gateway/status 200 19.19838ms"}
{"level":"debug","component":"http","time":"2026-06-30T06:13:47Z","caller":"/workspaces/picoclaw/web/backend/middleware/middleware.go:64","message":"GET /api/gateway/status 200 19.923953ms"}
{"level":"debug","component":"http","time":"2026-06-30T06:13:49Z","caller":"/workspaces/picoclaw/web/backend/middleware/middleware.go:64","message":"GET /api/gateway/status 200 18.934868ms"}
{"level":"debug","component":"http","time":"2026-06-30T06:13:51Z","caller":"/workspaces/picoclaw/web/backend/middleware/middleware.go:64","message":"GET /api/gateway/status 200 20.125532ms"}
{"level":"debug","component":"http","time":"2026-06-30T06:13:53Z","caller":"/workspaces/picoclaw/web/backend/middleware/middleware.go:64","message":"GET /api/gateway/status 200 18.851022ms"}
{"level":"debug","component":"http","time":"2026-06-30T06:13:55Z","caller":"/workspaces/picoclaw/web/backend/middleware/middleware.go:64","message":"GET /api/gateway/status 200 21.633892ms"}
{"level":"debug","component":"http","time":"2026-06-30T06:13:58Z","caller":"/workspaces/picoclaw/web/backend/middleware/middleware.go:64","message":"GET /api/gateway/status 200 18.280145ms"}
{"level":"debug","component":"http","time":"2026-06-30T06:14:00Z","caller":"/workspaces/picoclaw/web/backend/middleware/middleware.go:64","message":"GET /api/gateway/status 200 20.165556ms"}
{"level":"debug","component":"http","time":"2026-06-30T06:14:02Z","caller":"/workspaces/picoclaw/web/backend/middleware/middleware.go:64","message":"GET /api/gateway/status 200 33.923035ms"}
{"level":"debug","component":"http","time":"2026-06-30T06:14:04Z","caller":"/workspaces/picoclaw/web/backend/middleware/middleware.go:64","message":"GET /api/gateway/status 200 19.554997ms"}
{"level":"debug","component":"http","time":"2026-06-30T06:14:06Z","caller":"/workspaces/picoclaw/web/backend/middleware/middleware.go:64","message":"GET /api/gateway/status 200 19.937689ms"}
{"level":"debug","component":"http","time":"2026-06-30T06:14:09Z","caller":"/workspaces/picoclaw/web/backend/middleware/middleware.go:64","message":"GET /api/gateway/status 200 20.101825ms"}
{"level":"debug","component":"http","time":"2026-06-30T06:14:11Z","caller":"/workspaces/picoclaw/web/backend/middleware/middleware.go:64","message":"GET /api/gateway/status 200 18.794989ms"}
{"level":"debug","component":"http","time":"2026-06-30T06:14:13Z","caller":"/workspaces/picoclaw/web/backend/middleware/middleware.go:64","message":"GET /api/gateway/status 200 37.350354ms"}
{"level":"debug","component":"http","time":"2026-06-30T06:14:15Z","caller":"/workspaces/picoclaw/web/backend/middleware/middleware.go:64","message":"GET /api/gateway/status 200 18.843428ms"}
{"level":"debug","component":"http","time":"2026-06-30T06:14:18Z","caller":"/workspaces/picoclaw/web/backend/middleware/middleware.go:64","message":"GET /api/gateway/status 200 20.011296ms"}
{"level":"debug","component":"http","time":"2026-06-30T06:14:20Z","caller":"/workspaces/picoclaw/web/backend/middleware/middleware.go:64","message":"GET /api/gateway/status 200 19.67991ms"}
{"level":"debug","component":"http","time":"2026-06-30T06:14:22Z","caller":"/workspaces/picoclaw/web/backend/middleware/middleware.go:64","message":"GET /api/gateway/status 200 17.957395ms"}
{"level":"debug","component":"http","time":"2026-06-30T06:14:24Z","caller":"/workspaces/picoclaw/web/backend/middleware/middleware.go:64","message":"GET /api/gateway/status 200 18.968954ms"}
{"level":"debug","component":"http","time":"2026-06-30T06:14:26Z","caller":"/workspaces/picoclaw/web/backend/middleware/middleware.go:64","message":"GET /api/gateway/status 200 18.275078ms"}
{"level":"debug","component":"http","time":"2026-06-30T06:14:29Z","caller":"/workspaces/picoclaw/web/backend/middleware/middleware.go:64","message":"GET /api/gateway/status 200 17.886212ms"}
{"level":"debug","component":"http","time":"2026-06-30T06:14:31Z","caller":"/workspaces/picoclaw/web/backend/middleware/middleware.go:64","message":"GET /api/gateway/status 200 19.708911ms"}
{"level":"debug","component":"http","time":"2026-06-30T06:14:33Z","caller":"/workspaces/picoclaw/web/backend/middleware/middleware.go:64","message":"GET /api/gateway/status 200 20.054576ms"}
{"level":"debug","component":"http","time":"2026-06-30T06:14:35Z","caller":"/workspaces/picoclaw/web/backend/middleware/middleware.go:64","message":"GET /api/gateway/status 200 56.904162ms"}
{"level":"debug","component":"http","time":"2026-06-30T06:14:37Z","caller":"/workspaces/picoclaw/web/backend/middleware/middleware.go:64","message":"GET /api/gateway/status 200 28.990975ms"}
{"level":"debug","component":"http","time":"2026-06-30T06:14:40Z","caller":"/workspaces/picoclaw/web/backend/middleware/middleware.go:64","message":"GET /api/gateway/status 200 19.007474ms"}
{"level":"debug","component":"http","time":"2026-06-30T06:14:42Z","caller":"/workspaces/picoclaw/web/backend/middleware/middleware.go:64","message":"GET /api/gateway/status 200 17.955118ms"}
{"level":"debug","component":"http","time":"2026-06-30T06:14:44Z","caller":"/workspaces/picoclaw/web/backend/middleware/middleware.go:64","message":"GET /api/gateway/status 200 19.542722ms"}
{"level":"debug","component":"http","time":"2026-06-30T06:14:46Z","caller":"/workspaces/picoclaw/web/backend/middleware/middleware.go:64","message":"GET /api/gateway/status 200 19.599931ms"}
{"level":"debug","component":"http","time":"2026-06-30T06:14:48Z","caller":"/workspaces/picoclaw/web/backend/middleware/middleware.go:64","message":"GET /api/gateway/status 200 18.997643ms"}
{"level":"debug","component":"http","time":"2026-06-30T06:14:51Z","caller":"/workspaces/picoclaw/web/backend/middleware/middleware.go:64","message":"GET /api/gateway/status 200 18.594435ms"}
{"level":"debug","component":"http","time":"2026-06-30T06:14:53Z","caller":"/workspaces/picoclaw/web/backend/middleware/middleware.go:64","message":"GET /api/gateway/status 200 18.253294ms"}
{"level":"debug","component":"http","time":"2026-06-30T06:14:55Z","caller":"/workspaces/picoclaw/web/backend/middleware/middleware.go:64","message":"GET /api/gateway/status 200 20.431359ms"}
{"level":"debug","component":"http","time":"2026-06-30T06:14:57Z","caller":"/workspaces/picoclaw/web/backend/middleware/middleware.go:64","message":"GET /api/gateway/status 200 18.282471ms"}
{"level":"debug","component":"http","time":"2026-06-30T06:14:59Z","caller":"/workspaces/picoclaw/web/backend/middleware/middleware.go:64","message":"GET /api/gateway/status 200 19.470447ms"}
{"level":"debug","component":"http","time":"2026-06-30T06:15:02Z","caller":"/workspaces/picoclaw/web/backend/middleware/middleware.go:64","message":"GET /api/gateway/status 200 18.112974ms"}
{"level":"debug","component":"http","time":"2026-06-30T06:15:06Z","caller":"/workspaces/picoclaw/web/backend/middleware/middleware.go:64","message":"GET /api/gateway/status 200 68.053807ms"}
{"level":"debug","component":"http","time":"2026-06-30T06:15:08Z","caller":"/workspaces/picoclaw/web/backend/middleware/middleware.go:64","message":"GET /api/gateway/status 200 20.525673ms"}
{"level":"debug","component":"http","time":"2026-06-30T06:15:12Z","caller":"/workspaces/picoclaw/web/backend/middleware/middleware.go:64","message":"GET /api/gateway/status 200 19.858481ms"}
{"level":"debug","component":"http","time":"2026-06-30T06:15:14Z","caller":"/workspaces/picoclaw/web/backend/middleware/middleware.go:64","message":"GET /api/gateway/status 200 40.740969ms"}
{"level":"debug","component":"http","time":"2026-06-30T06:15:17Z","caller":"/workspaces/picoclaw/web/backend/middleware/middleware.go:64","message":"GET /api/gateway/status 200 21.052728ms"}
{"level":"debug","component":"http","time":"2026-06-30T06:15:20Z","caller":"/workspaces/picoclaw/web/backend/middleware/middleware.go:64","message":"GET /api/gateway/status 200 20.387808ms"}
{"level":"debug","component":"http","time":"2026-06-30T06:15:23Z","caller":"/workspaces/picoclaw/web/backend/middleware/middleware.go:64","message":"GET /api/gateway/status 200 18.021675ms"}
{"level":"debug","component":"http","time":"2026-06-30T06:15:26Z","caller":"/workspaces/picoclaw/web/backend/middleware/middleware.go:64","message":"GET /api/gateway/status 200 21.849674ms"}
{"level":"debug","component":"http","time":"2026-06-30T06:15:29Z","caller":"/workspaces/picoclaw/web/backend/middleware/middleware.go:64","message":"GET /api/gateway/status 200 21.478282ms"}
{"level":"debug","component":"http","time":"2026-06-30T06:15:32Z","caller":"/workspaces/picoclaw/web/backend/middleware/middleware.go:64","message":"GET /api/gateway/status 200 22.696274ms"}
{"level":"debug","component":"http","time":"2026-06-30T06:15:35Z","caller":"/workspaces/picoclaw/web/backend/middleware/middleware.go:64","message":"GET /api/gateway/status 200 28.282541ms"}
{"level":"debug","component":"http","time":"2026-06-30T06:15:38Z","caller":"/workspaces/picoclaw/web/backend/middleware/middleware.go:64","message":"GET /api/gateway/status 200 21.24672ms"}
{"level":"debug","component":"http","time":"2026-06-30T06:15:42Z","caller":"/workspaces/picoclaw/web/backend/middleware/middleware.go:64","message":"GET /api/gateway/status 200 75.43712ms"}
{"level":"debug","component":"http","time":"2026-06-30T06:15:45Z","caller":"/workspaces/picoclaw/web/backend/middleware/middleware.go:64","message":"GET /api/gateway/status 200 220.428101ms"}
{"level":"debug","component":"http","time":"2026-06-30T06:15:47Z","caller":"/workspaces/picoclaw/web/backend/middleware/middleware.go:64","message":"GET /api/gateway/status 200 22.524033ms"}
{"level":"debug","component":"http","time":"2026-06-30T06:15:50Z","caller":"/workspaces/picoclaw/web/backend/middleware/middleware.go:64","message":"GET /api/gateway/status 200 40.974768ms"}
{"level":"debug","component":"http","time":"2026-06-30T06:15:53Z","caller":"/workspaces/picoclaw/web/backend/middleware/middleware.go:64","message":"GET /api/gateway/status 200 24.332353ms"}
{"level":"debug","component":"http","time":"2026-06-30T06:15:56Z","caller":"/workspaces/picoclaw/web/backend/middleware/middleware.go:64","message":"GET /api/gateway/status 200 25.592646ms"}
{"level":"debug","component":"http","time":"2026-06-30T06:15:59Z","caller":"/workspaces/picoclaw/web/backend/middleware/middleware.go:64","message":"GET /api/gateway/status 200 23.382053ms"}
{"level":"debug","component":"http","time":"2026-06-30T06:16:02Z","caller":"/workspaces/picoclaw/web/backend/middleware/middleware.go:64","message":"GET /api/gateway/status 200 20.652842ms"}
{"level":"debug","component":"http","time":"2026-06-30T06:16:05Z","caller":"/workspaces/picoclaw/web/backend/middleware/middleware.go:64","message":"GET /api/gateway/status 200 33.381252ms"}
{"level":"debug","component":"http","time":"2026-06-30T06:16:09Z","caller":"/workspaces/picoclaw/web/backend/middleware/middleware.go:64","message":"GET /api/gateway/status 200 84.294191ms"}
{"level":"debug","component":"http","time":"2026-06-30T06:16:11Z","caller":"/workspaces/picoclaw/web/backend/middleware/middleware.go:64","message":"GET /api/gateway/status 200 20.802001ms"}
{"level":"debug","component":"http","time":"2026-06-30T06:16:13Z","caller":"/workspaces/picoclaw/web/backend/middleware/middleware.go:64","message":"GET /api/gateway/status 200 20.05304ms"}
{"level":"debug","component":"http","time":"2026-06-30T06:16:15Z","caller":"/workspaces/picoclaw/web/backend/middleware/middleware.go:64","message":"GET /api/gateway/status 200 30.331846ms"}
{"level":"debug","component":"http","time":"2026-06-30T06:16:17Z","caller":"/workspaces/picoclaw/web/backend/middleware/middleware.go:64","message":"GET /api/gateway/status 200 21.045822ms"}
{"level":"debug","component":"http","time":"2026-06-30T06:16:20Z","caller":"/workspaces/picoclaw/web/backend/middleware/middleware.go:64","message":"GET /api/gateway/status 200 26.645531ms"}
{"level":"debug","component":"http","time":"2026-06-30T06:16:22Z","caller":"/workspaces/picoclaw/web/backend/middleware/middleware.go:64","message":"GET /api/gateway/status 200 20.998227ms"}
{"level":"debug","component":"http","time":"2026-06-30T06:16:24Z","caller":"/workspaces/picoclaw/web/backend/middleware/middleware.go:64","message":"GET /api/gateway/status 200 18.722412ms"}
{"level":"debug","component":"http","time":"2026-06-30T06:16:26Z","caller":"/workspaces/picoclaw/web/backend/middleware/middleware.go:64","message":"GET /api/gateway/status 200 20.894827ms"}
{"level":"debug","component":"http","time":"2026-06-30T06:16:29Z","caller":"/workspaces/picoclaw/web/backend/middleware/middleware.go:64","message":"GET /api/gateway/status 200 18.29558ms"}
{"level":"debug","component":"http","time":"2026-06-30T06:16:32Z","caller":"/workspaces/picoclaw/web/backend/middleware/middleware.go:64","message":"GET /api/gateway/status 200 35.458368ms"}
{"level":"debug","component":"http","time":"2026-06-30T06:16:35Z","caller":"/workspaces/picoclaw/web/backend/middleware/middleware.go:64","message":"GET /api/gateway/status 200 23.753596ms"}
{"level":"debug","component":"http","time":"2026-06-30T06:16:38Z","caller":"/workspaces/picoclaw/web/backend/middleware/middleware.go:64","message":"GET /api/gateway/status 200 22.314541ms"}
{"level":"debug","component":"http","time":"2026-06-30T06:16:42Z","caller":"/workspaces/picoclaw/web/backend/middleware/middleware.go:64","message":"GET /api/gateway/status 200 24.509746ms"}
{"level":"debug","component":"http","time":"2026-06-30T06:16:44Z","caller":"/workspaces/picoclaw/web/backend/middleware/middleware.go:64","message":"GET /api/gateway/status 200 19.014456ms"}
{"level":"debug","component":"http","time":"2026-06-30T06:16:47Z","caller":"/workspaces/picoclaw/web/backend/middleware/middleware.go:64","message":"GET /api/gateway/status 200 24.623639ms"}
{"level":"debug","component":"http","time":"2026-06-30T06:16:50Z","caller":"/workspaces/picoclaw/web/backend/middleware/middleware.go:64","message":"GET /api/gateway/status 200 22.876971ms"}
{"level":"debug","component":"http","time":"2026-06-30T06:16:53Z","caller":"/workspaces/picoclaw/web/backend/middleware/middleware.go:64","message":"GET /api/gateway/status 200 25.870765ms"}
{"level":"debug","component":"http","time":"2026-06-30T06:16:56Z","caller":"/workspaces/picoclaw/web/backend/middleware/middleware.go:64","message":"GET /api/gateway/status 200 20.668784ms"}
{"level":"debug","component":"http","time":"2026-06-30T06:16:58Z","caller":"/workspaces/picoclaw/web/backend/middleware/middleware.go:64","message":"GET /api/gateway/status 200 20.575676ms"}
{"level":"debug","component":"http","time":"2026-06-30T06:17:00Z","caller":"/workspaces/picoclaw/web/backend/middleware/middleware.go:64","message":"GET /api/gateway/status 200 22.392898ms"}
{"level":"debug","component":"http","time":"2026-06-30T06:17:02Z","caller":"/workspaces/picoclaw/web/backend/middleware/middleware.go:64","message":"GET /api/gateway/status 200 19.939629ms"}
{"level":"debug","component":"http","time":"2026-06-30T06:17:04Z","caller":"/workspaces/picoclaw/web/backend/middleware/middleware.go:64","message":"GET /api/gateway/status 200 18.869376ms"}
{"level":"debug","component":"http","time":"2026-06-30T06:17:07Z","caller":"/workspaces/picoclaw/web/backend/middleware/middleware.go:64","message":"GET /api/gateway/status 200 20.745986ms"}
{"level":"debug","component":"http","time":"2026-06-30T06:17:09Z","caller":"/workspaces/picoclaw/web/backend/middleware/middleware.go:64","message":"GET /api/gateway/status 200 22.284323ms"}
{"level":"debug","component":"http","time":"2026-06-30T06:17:12Z","caller":"/workspaces/picoclaw/web/backend/middleware/middleware.go:64","message":"GET /api/gateway/status 200 26.254162ms"}
{"level":"debug","component":"http","time":"2026-06-30T06:17:14Z","caller":"/workspaces/picoclaw/web/backend/middleware/middleware.go:64","message":"GET /api/gateway/status 200 21.205213ms"}
{"level":"debug","component":"http","time":"2026-06-30T06:17:16Z","caller":"/workspaces/picoclaw/web/backend/middleware/middleware.go:64","message":"GET /api/gateway/status 200 22.144245ms"}
{"level":"debug","component":"http","time":"2026-06-30T06:17:18Z","caller":"/workspaces/picoclaw/web/backend/middleware/middleware.go:64","message":"GET /api/gateway/status 200 20.728952ms"}
{"level":"debug","component":"http","time":"2026-06-30T06:17:20Z","caller":"/workspaces/picoclaw/web/backend/middleware/middleware.go:64","message":"GET /api/gateway/status 200 18.940088ms"}
{"level":"debug","component":"http","time":"2026-06-30T06:17:23Z","caller":"/workspaces/picoclaw/web/backend/middleware/middleware.go:64","message":"GET /api/gateway/status 200 121.117806ms"}
{"level":"debug","component":"http","time":"2026-06-30T06:17:25Z","caller":"/workspaces/picoclaw/web/backend/middleware/middleware.go:64","message":"GET /api/gateway/status 200 77.765349ms"}
{"level":"debug","component":"http","time":"2026-06-30T06:17:27Z","caller":"/workspaces/picoclaw/web/backend/middleware/middleware.go:64","message":"GET /api/gateway/status 200 38.249513ms"}
{"level":"debug","component":"http","time":"2026-06-30T06:17:29Z","caller":"/workspaces/picoclaw/web/backend/middleware/middleware.go:64","message":"GET /api/gateway/status 200 44.635504ms"}
{"level":"debug","component":"http","time":"2026-06-30T06:17:32Z","caller":"/workspaces/picoclaw/web/backend/middleware/middleware.go:64","message":"GET /api/gateway/status 200 98.622021ms"}
{"level":"debug","component":"http","time":"2026-06-30T06:17:34Z","caller":"/workspaces/picoclaw/web/backend/middleware/middleware.go:64","message":"GET /api/gateway/status 200 37.993126ms"}
{"level":"debug","component":"http","time":"2026-06-30T06:17:36Z","caller":"/workspaces/picoclaw/web/backend/middleware/middleware.go:64","message":"GET /api/gateway/status 200 89.606377ms"}
{"level":"debug","component":"http","time":"2026-06-30T06:17:39Z","caller":"/workspaces/picoclaw/web/backend/middleware/middleware.go:64","message":"GET /api/gateway/status 200 103.113131ms"}
{"level":"debug","component":"http","time":"2026-06-30T06:17:41Z","caller":"/workspaces/picoclaw/web/backend/middleware/middleware.go:64","message":"GET /api/gateway/status 200 57.965397ms"}
{"level":"debug","component":"http","time":"2026-06-30T06:17:44Z","caller":"/workspaces/picoclaw/web/backend/middleware/middleware.go:64","message":"GET /api/gateway/status 200 98.802764ms"}
{"level":"debug","component":"http","time":"2026-06-30T06:17:47Z","caller":"/workspaces/picoclaw/web/backend/middleware/middleware.go:64","message":"GET /api/gateway/status 200 74.548929ms"}
{"level":"debug","component":"http","time":"2026-06-30T06:17:50Z","caller":"/workspaces/picoclaw/web/backend/middleware/middleware.go:64","message":"GET /api/gateway/status 200 81.263076ms"}
{"level":"debug","component":"http","time":"2026-06-30T06:17:53Z","caller":"/workspaces/picoclaw/web/backend/middleware/middleware.go:64","message":"GET /api/gateway/status 200 140.025421ms"}
{"level":"debug","component":"http","time":"2026-06-30T06:17:56Z","caller":"/workspaces/picoclaw/web/backend/middleware/middleware.go:64","message":"GET /api/gateway/status 200 96.732269ms"}
{"level":"debug","component":"http","time":"2026-06-30T06:17:59Z","caller":"/workspaces/picoclaw/web/backend/middleware/middleware.go:64","message":"GET /api/gateway/status 200 158.023363ms"}
{"level":"debug","component":"http","time":"2026-06-30T06:18:02Z","caller":"/workspaces/picoclaw/web/backend/middleware/middleware.go:64","message":"GET /api/gateway/status 200 103.69304ms"}
{"level":"debug","component":"http","time":"2026-06-30T06:18:05Z","caller":"/workspaces/picoclaw/web/backend/middleware/middleware.go:64","message":"GET /api/gateway/status 200 94.534119ms"}
{"level":"debug","component":"http","time":"2026-06-30T06:18:08Z","caller":"/workspaces/picoclaw/web/backend/middleware/middleware.go:64","message":"GET /api/gateway/status 200 272.555651ms"}
{"level":"debug","component":"http","time":"2026-06-30T06:18:10Z","caller":"/workspaces/picoclaw/web/backend/middleware/middleware.go:64","message":"GET /api/gateway/status 200 47.178707ms"}
{"level":"debug","component":"http","time":"2026-06-30T06:18:14Z","caller":"/workspaces/picoclaw/web/backend/middleware/middleware.go:64","message":"GET /api/gateway/status 200 22.268235ms"}
{"level":"debug","component":"http","time":"2026-06-30T06:18:16Z","caller":"/workspaces/picoclaw/web/backend/middleware/middleware.go:64","message":"GET /api/gateway/status 200 24.305125ms"}
{"level":"debug","component":"http","time":"2026-06-30T06:18:19Z","caller":"/workspaces/picoclaw/web/backend/middleware/middleware.go:64","message":"GET /api/gateway/status 200 56.228439ms"}
{"level":"debug","component":"http","time":"2026-06-30T06:18:22Z","caller":"/workspaces/picoclaw/web/backend/middleware/middleware.go:64","message":"GET /api/gateway/status 200 24.660638ms"}
{"level":"debug","component":"http","time":"2026-06-30T06:18:25Z","caller":"/workspaces/picoclaw/web/backend/middleware/middleware.go:64","message":"GET /api/gateway/status 200 21.702533ms"}
{"level":"debug","component":"http","time":"2026-06-30T06:18:29Z","caller":"/workspaces/picoclaw/web/backend/middleware/middleware.go:64","message":"GET /api/gateway/status 200 179.894306ms"}
{"level":"debug","component":"http","time":"2026-06-30T06:18:31Z","caller":"/workspaces/picoclaw/web/backend/middleware/middleware.go:64","message":"GET /api/gateway/status 200 20.765355ms"}
{"level":"debug","component":"http","time":"2026-06-30T06:18:34Z","caller":"/workspaces/picoclaw/web/backend/middleware/middleware.go:64","message":"GET /api/gateway/status 200 25.466942ms"}
{"level":"debug","component":"http","time":"2026-06-30T06:18:37Z","caller":"/workspaces/picoclaw/web/backend/middleware/middleware.go:64","message":"GET /api/gateway/status 200 21.292358ms"}
{"level":"debug","component":"http","time":"2026-06-30T06:18:41Z","caller":"/workspaces/picoclaw/web/backend/middleware/middleware.go:64","message":"GET /api/gateway/status 200 106.790941ms"}
{"level":"debug","component":"http","time":"2026-06-30T06:18:44Z","caller":"/workspaces/picoclaw/web/backend/middleware/middleware.go:64","message":"GET /api/gateway/status 200 23.285152ms"}
{"level":"debug","component":"http","time":"2026-06-30T06:18:46Z","caller":"/workspaces/picoclaw/web/backend/middleware/middleware.go:64","message":"GET /api/gateway/status 200 20.657379ms"}
{"level":"debug","component":"http","time":"2026-06-30T06:18:48Z","caller":"/workspaces/picoclaw/web/backend/middleware/middleware.go:64","message":"GET /api/gateway/status 200 34.673805ms"}
{"level":"debug","component":"http","time":"2026-06-30T06:18:50Z","caller":"/workspaces/picoclaw/web/backend/middleware/middleware.go:64","message":"GET /api/gateway/status 200 299.309003ms"}
{"level":"debug","component":"http","time":"2026-06-30T06:18:53Z","caller":"/workspaces/picoclaw/web/backend/middleware/middleware.go:64","message":"GET /api/gateway/status 200 35.788715ms"}
{"level":"debug","component":"http","time":"2026-06-30T06:18:55Z","caller":"/workspaces/picoclaw/web/backend/middleware/middleware.go:64","message":"GET /api/gateway/status 200 20.628239ms"}
{"level":"debug","component":"http","time":"2026-06-30T06:18:57Z","caller":"/workspaces/picoclaw/web/backend/middleware/middleware.go:64","message":"GET /api/gateway/status 200 21.75ms"}
{"level":"debug","component":"http","time":"2026-06-30T06:18:59Z","caller":"/workspaces/picoclaw/web/backend/middleware/middleware.go:64","message":"GET /api/gateway/status 200 23.0536ms"}
{"level":"debug","component":"http","time":"2026-06-30T06:19:02Z","caller":"/workspaces/picoclaw/web/backend/middleware/middleware.go:64","message":"GET /api/gateway/status 200 28.663003ms"}
{"level":"debug","component":"http","time":"2026-06-30T06:19:04Z","caller":"/workspaces/picoclaw/web/backend/middleware/middleware.go:64","message":"GET /api/gateway/status 200 198.640492ms"}
{"level":"debug","component":"http","time":"2026-06-30T06:19:06Z","caller":"/workspaces/picoclaw/web/backend/middleware/middleware.go:64","message":"GET /api/gateway/status 200 23.028334ms"}
{"level":"debug","component":"http","time":"2026-06-30T06:19:08Z","caller":"/workspaces/picoclaw/web/backend/middleware/middleware.go:64","message":"GET /api/gateway/status 200 19.124829ms"}
{"level":"debug","component":"http","time":"2026-06-30T06:19:11Z","caller":"/workspaces/picoclaw/web/backend/middleware/middleware.go:64","message":"GET /api/gateway/status 200 26.754073ms"}
{"level":"debug","component":"http","time":"2026-06-30T06:19:13Z","caller":"/workspaces/picoclaw/web/backend/middleware/middleware.go:64","message":"GET /api/gateway/status 200 20.41063ms"}
{"level":"debug","component":"http","time":"2026-06-30T06:19:15Z","caller":"/workspaces/picoclaw/web/backend/middleware/middleware.go:64","message":"GET /api/gateway/status 200 97.460607ms"}
{"level":"debug","component":"http","time":"2026-06-30T06:19:17Z","caller":"/workspaces/picoclaw/web/backend/middleware/middleware.go:64","message":"GET /api/gateway/status 200 22.639137ms"}
{"level":"debug","component":"http","time":"2026-06-30T06:19:20Z","caller":"/workspaces/picoclaw/web/backend/middleware/middleware.go:64","message":"GET /api/gateway/status 200 20.65137ms"}
{"level":"debug","component":"http","time":"2026-06-30T06:19:22Z","caller":"/workspaces/picoclaw/web/backend/middleware/middleware.go:64","message":"GET /api/gateway/status 200 18.974502ms"}
{"level":"debug","component":"http","time":"2026-06-30T06:19:24Z","caller":"/workspaces/picoclaw/web/backend/middleware/middleware.go:64","message":"GET /api/gateway/status 200 45.800499ms"}
{"level":"debug","component":"http","time":"2026-06-30T06:19:26Z","caller":"/workspaces/picoclaw/web/backend/middleware/middleware.go:64","message":"GET /api/gateway/status 200 35.436818ms"}
{"level":"debug","component":"http","time":"2026-06-30T06:19:28Z","caller":"/workspaces/picoclaw/web/backend/middleware/middleware.go:64","message":"GET /api/gateway/status 200 21.708769ms"}
{"level":"debug","component":"http","time":"2026-06-30T06:19:31Z","caller":"/workspaces/picoclaw/web/backend/middleware/middleware.go:64","message":"GET /api/gateway/status 200 40.549585ms"}
{"level":"debug","component":"http","time":"2026-06-30T06:19:33Z","caller":"/workspaces/picoclaw/web/backend/middleware/middleware.go:64","message":"GET /api/gateway/status 200 18.038866ms"}
{"level":"debug","component":"http","time":"2026-06-30T06:19:35Z","caller":"/workspaces/picoclaw/web/backend/middleware/middleware.go:64","message":"GET /api/gateway/status 200 19.657308ms"}
{"level":"debug","component":"http","time":"2026-06-30T06:19:38Z","caller":"/workspaces/picoclaw/web/backend/middleware/middleware.go:64","message":"GET /api/gateway/status 200 284.442926ms"}
{"level":"debug","component":"http","time":"2026-06-30T06:19:40Z","caller":"/workspaces/picoclaw/web/backend/middleware/middleware.go:64","message":"GET /api/gateway/status 200 70.498975ms"}
{"level":"debug","component":"http","time":"2026-06-30T06:19:44Z","caller":"/workspaces/picoclaw/web/backend/middleware/middleware.go:64","message":"GET /api/gateway/status 200 19.559666ms"}
{"level":"debug","component":"http","time":"2026-06-30T06:19:46Z","caller":"/workspaces/picoclaw/web/backend/middleware/middleware.go:64","message":"GET /api/gateway/status 200 22.932548ms"}
{"level":"debug","component":"http","time":"2026-06-30T06:19:49Z","caller":"/workspaces/picoclaw/web/backend/middleware/middleware.go:64","message":"GET /api/gateway/status 200 36.129269ms"}
{"level":"debug","component":"http","time":"2026-06-30T06:19:52Z","caller":"/workspaces/picoclaw/web/backend/middleware/middleware.go:64","message":"GET /api/gateway/status 200 53.744677ms"}
{"level":"debug","component":"http","time":"2026-06-30T06:19:55Z","caller":"/workspaces/picoclaw/web/backend/middleware/middleware.go:64","message":"GET /api/gateway/status 200 25.109052ms"}
{"level":"debug","component":"http","time":"2026-06-30T06:19:58Z","caller":"/workspaces/picoclaw/web/backend/middleware/middleware.go:64","message":"GET /api/gateway/status 200 18.098158ms"}
{"level":"debug","component":"http","time":"2026-06-30T06:20:02Z","caller":"/workspaces/picoclaw/web/backend/middleware/middleware.go:64","message":"GET /api/gateway/status 200 249.595659ms"}
{"level":"debug","component":"http","time":"2026-06-30T06:20:04Z","caller":"/workspaces/picoclaw/web/backend/middleware/middleware.go:64","message":"GET /api/gateway/status 200 52.338374ms"}
{"level":"debug","component":"http","time":"2026-06-30T06:20:07Z","caller":"/workspaces/picoclaw/web/backend/middleware/middleware.go:64","message":"GET /api/gateway/status 200 23.380113ms"}
{"level":"debug","component":"http","time":"2026-06-30T06:20:11Z","caller":"/workspaces/picoclaw/web/backend/middleware/middleware.go:64","message":"GET /api/gateway/status 200 101.027714ms"}
{"level":"debug","component":"http","time":"2026-06-30T06:20:14Z","caller":"/workspaces/picoclaw/web/backend/middleware/middleware.go:64","message":"GET /api/gateway/status 200 23.191778ms"}
{"level":"debug","component":"http","time":"2026-06-30T06:20:16Z","caller":"/workspaces/picoclaw/web/backend/middleware/middleware.go:64","message":"GET /api/gateway/status 200 25.366916ms"}
{"level":"debug","component":"http","time":"2026-06-30T06:20:19Z","caller":"/workspaces/picoclaw/web/backend/middleware/middleware.go:64","message":"GET /api/gateway/status 200 19.848632ms"}
{"level":"debug","component":"http","time":"2026-06-30T06:20:23Z","caller":"/workspaces/picoclaw/web/backend/middleware/middleware.go:64","message":"GET /api/gateway/status 200 241.11124ms"}
{"level":"debug","component":"http","time":"2026-06-30T06:20:25Z","caller":"/workspaces/picoclaw/web/backend/middleware/middleware.go:64","message":"GET /api/gateway/status 200 22.510798ms"}
{"level":"debug","component":"http","time":"2026-06-30T06:20:28Z","caller":"/workspaces/picoclaw/web/backend/middleware/middleware.go:64","message":"GET /api/gateway/status 200 22.020443ms"}
{"level":"debug","component":"http","time":"2026-06-30T06:20:30Z","caller":"/workspaces/picoclaw/web/backend/middleware/middleware.go:64","message":"GET /api/gateway/status 200 20.882017ms"}
{"level":"debug","component":"http","time":"2026-06-30T06:20:34Z","caller":"/workspaces/picoclaw/web/backend/middleware/middleware.go:64","message":"GET /api/gateway/status 200 101.454026ms"}
{"level":"debug","component":"http","time":"2026-06-30T06:20:36Z","caller":"/workspaces/picoclaw/web/backend/middleware/middleware.go:64","message":"GET /api/gateway/status 200 23.999408ms"}
{"level":"debug","component":"http","time":"2026-06-30T06:20:39Z","caller":"/workspaces/picoclaw/web/backend/middleware/middleware.go:64","message":"GET /api/gateway/status 200 37.45875ms"}
{"level":"debug","component":"http","time":"2026-06-30T06:20:42Z","caller":"/workspaces/picoclaw/web/backend/middleware/middleware.go:64","message":"GET /api/gateway/status 200 21.692071ms"}
{"level":"debug","component":"http","time":"2026-06-30T06:20:46Z","caller":"/workspaces/picoclaw/web/backend/middleware/middleware.go:64","message":"GET /api/gateway/status 200 95.964855ms"}
{"level":"debug","component":"http","time":"2026-06-30T06:20:48Z","caller":"/workspaces/picoclaw/web/backend/middleware/middleware.go:64","message":"GET /api/gateway/status 200 24.263197ms"}
{"level":"debug","component":"http","time":"2026-06-30T06:20:51Z","caller":"/workspaces/picoclaw/web/backend/middleware/middleware.go:64","message":"GET /api/gateway/status 200 44.715875ms"}
{"level":"debug","component":"http","time":"2026-06-30T06:20:54Z","caller":"/workspaces/picoclaw/web/backend/middleware/middleware.go:64","message":"GET /api/gateway/status 200 39.172907ms"}
{"level":"debug","component":"http","time":"2026-06-30T06:20:58Z","caller":"/workspaces/picoclaw/web/backend/middleware/middleware.go:64","message":"GET /api/gateway/status 200 183.46322ms"}
{"level":"debug","component":"http","time":"2026-06-30T06:21:00Z","caller":"/workspaces/picoclaw/web/backend/middleware/middleware.go:64","message":"GET /api/gateway/status 200 22.856122ms"}
{"level":"debug","component":"http","time":"2026-06-30T06:21:03Z","caller":"/workspaces/picoclaw/web/backend/middleware/middleware.go:64","message":"GET /api/gateway/status 200 23.37374ms"}
{"level":"debug","component":"http","time":"2026-06-30T06:21:06Z","caller":"/workspaces/picoclaw/web/backend/middleware/middleware.go:64","message":"GET /api/gateway/status 200 19.091901ms"}
{"level":"debug","component":"http","time":"2026-06-30T06:21:09Z","caller":"/workspaces/picoclaw/web/backend/middleware/middleware.go:64","message":"GET /api/gateway/status 200 20.434347ms"}
{"level":"debug","component":"http","time":"2026-06-30T06:21:12Z","caller":"/workspaces/picoclaw/web/backend/middleware/middleware.go:64","message":"GET /api/gateway/status 200 21.586995ms"}
{"level":"debug","component":"http","time":"2026-06-30T06:21:16Z","caller":"/workspaces/picoclaw/web/backend/middleware/middleware.go:64","message":"GET /api/gateway/status 200 24.774107ms"}
{"level":"debug","component":"http","time":"2026-06-30T06:21:18Z","caller":"/workspaces/picoclaw/web/backend/middleware/middleware.go:64","message":"GET /api/gateway/status 200 28.590417ms"}
{"level":"debug","component":"http","time":"2026-06-30T06:21:21Z","caller":"/workspaces/picoclaw/web/backend/middleware/middleware.go:64","message":"GET /api/gateway/status 200 24.904502ms"}
{"level":"debug","component":"http","time":"2026-06-30T06:21:24Z","caller":"/workspaces/picoclaw/web/backend/middleware/middleware.go:64","message":"GET /api/gateway/status 200 22.030374ms"}
{"level":"debug","component":"http","time":"2026-06-30T06:21:28Z","caller":"/workspaces/picoclaw/web/backend/middleware/middleware.go:64","message":"GET /api/gateway/status 200 37.559686ms"}
{"level":"debug","component":"http","time":"2026-06-30T06:21:30Z","caller":"/workspaces/picoclaw/web/backend/middleware/middleware.go:64","message":"GET /api/gateway/status 200 21.586964ms"}
{"level":"debug","component":"http","time":"2026-06-30T06:21:33Z","caller":"/workspaces/picoclaw/web/backend/middleware/middleware.go:64","message":"GET /api/gateway/status 200 40.511493ms"}
{"level":"debug","component":"http","time":"2026-06-30T06:21:36Z","caller":"/workspaces/picoclaw/web/backend/middleware/middleware.go:64","message":"GET /api/gateway/status 200 28.653132ms"}
{"level":"debug","component":"http","time":"2026-06-30T06:21:39Z","caller":"/workspaces/picoclaw/web/backend/middleware/middleware.go:64","message":"GET /api/gateway/status 200 22.858727ms"}
{"level":"debug","component":"http","time":"2026-06-30T06:21:42Z","caller":"/workspaces/picoclaw/web/backend/middleware/middleware.go:64","message":"GET /api/gateway/status 200 22.251935ms"}
{"level":"debug","component":"http","time":"2026-06-30T06:21:46Z","caller":"/workspaces/picoclaw/web/backend/middleware/middleware.go:64","message":"GET /api/gateway/status 200 37.130748ms"}
{"level":"debug","component":"http","time":"2026-06-30T06:21:48Z","caller":"/workspaces/picoclaw/web/backend/middleware/middleware.go:64","message":"GET /api/gateway/status 200 23.129709ms"}
{"level":"debug","component":"http","time":"2026-06-30T06:21:51Z","caller":"/workspaces/picoclaw/web/backend/middleware/middleware.go:64","message":"GET /api/gateway/status 200 26.92303ms"}
{"level":"debug","component":"http","time":"2026-06-30T06:21:54Z","caller":"/workspaces/picoclaw/web/backend/middleware/middleware.go:64","message":"GET /api/gateway/status 200 20.028208ms"}
{"level":"debug","component":"http","time":"2026-06-30T06:21:57Z","caller":"/workspaces/picoclaw/web/backend/middleware/middleware.go:64","message":"GET /api/gateway/status 200 33.689241ms"}
{"level":"debug","component":"http","time":"2026-06-30T06:22:00Z","caller":"/workspaces/picoclaw/web/backend/middleware/middleware.go:64","message":"GET /api/gateway/status 200 18.522571ms"}
{"level":"debug","component":"http","time":"2026-06-30T06:22:03Z","caller":"/workspaces/picoclaw/web/backend/middleware/middleware.go:64","message":"GET /api/gateway/status 200 20.252473ms"}
{"level":"debug","component":"http","time":"2026-06-30T06:22:06Z","caller":"/workspaces/picoclaw/web/backend/middleware/middleware.go:64","message":"GET /api/gateway/status 200 19.902323ms"}
{"level":"debug","component":"http","time":"2026-06-30T06:22:09Z","caller":"/workspaces/picoclaw/web/backend/middleware/middleware.go:64","message":"GET /api/gateway/status 200 21.924224ms"}
{"level":"debug","component":"http","time":"2026-06-30T06:22:12Z","caller":"/workspaces/picoclaw/web/backend/middleware/middleware.go:64","message":"GET /api/gateway/status 200 27.702834ms"}
{"level":"debug","component":"http","time":"2026-06-30T06:22:16Z","caller":"/workspaces/picoclaw/web/backend/middleware/middleware.go:64","message":"GET /api/gateway/status 200 17.637398ms"}
{"level":"debug","component":"http","time":"2026-06-30T06:22:18Z","caller":"/workspaces/picoclaw/web/backend/middleware/middleware.go:64","message":"GET /api/gateway/status 200 19.461002ms"}
{"level":"debug","component":"http","time":"2026-06-30T06:22:22Z","caller":"/workspaces/picoclaw/web/backend/middleware/middleware.go:64","message":"GET /api/gateway/status 200 41.799456ms"}
{"level":"debug","component":"http","time":"2026-06-30T06:22:24Z","caller":"/workspaces/picoclaw/web/backend/middleware/middleware.go:64","message":"GET /api/gateway/status 200 19.06065ms"}
{"level":"debug","component":"http","time":"2026-06-30T06:22:27Z","caller":"/workspaces/picoclaw/web/backend/middleware/middleware.go:64","message":"GET /api/gateway/status 200 21.463106ms"}
{"level":"debug","component":"http","time":"2026-06-30T06:22:30Z","caller":"/workspaces/picoclaw/web/backend/middleware/middleware.go:64","message":"GET /api/gateway/status 200 18.018266ms"}
{"level":"debug","component":"http","time":"2026-06-30T06:22:33Z","caller":"/workspaces/picoclaw/web/backend/middleware/middleware.go:64","message":"GET /api/gateway/status 200 19.354263ms"}
{"level":"debug","component":"http","time":"2026-06-30T06:22:36Z","caller":"/workspaces/picoclaw/web/backend/middleware/middleware.go:64","message":"GET /api/gateway/status 200 33.848134ms"}
{"level":"debug","component":"http","time":"2026-06-30T06:22:39Z","caller":"/workspaces/picoclaw/web/backend/middleware/middleware.go:64","message":"GET /api/gateway/status 200 30.996837ms"}
{"level":"debug","component":"http","time":"2026-06-30T06:22:42Z","caller":"/workspaces/picoclaw/web/backend/middleware/middleware.go:64","message":"GET /api/gateway/status 200 19.62764ms"}
{"level":"debug","component":"http","time":"2026-06-30T06:22:46Z","caller":"/workspaces/picoclaw/web/backend/middleware/middleware.go:64","message":"GET /api/gateway/status 200 20.02439ms"}
{"level":"debug","component":"http","time":"2026-06-30T06:22:48Z","caller":"/workspaces/picoclaw/web/backend/middleware/middleware.go:64","message":"GET /api/gateway/status 200 31.239048ms"}
{"level":"debug","component":"http","time":"2026-06-30T06:22:51Z","caller":"/workspaces/picoclaw/web/backend/middleware/middleware.go:64","message":"GET /api/gateway/status 200 22.745957ms"}
{"level":"debug","component":"http","time":"2026-06-30T06:22:54Z","caller":"/workspaces/picoclaw/web/backend/middleware/middleware.go:64","message":"GET /api/gateway/status 200 22.830396ms"}
{"level":"debug","component":"http","time":"2026-06-30T06:22:57Z","caller":"/workspaces/picoclaw/web/backend/middleware/middleware.go:64","message":"GET /api/gateway/status 200 42.498602ms"}
{"level":"debug","component":"http","time":"2026-06-30T06:23:00Z","caller":"/workspaces/picoclaw/web/backend/middleware/middleware.go:64","message":"GET /api/gateway/status 200 25.30849ms"}
{"level":"debug","component":"http","time":"2026-06-30T06:23:03Z","caller":"/workspaces/picoclaw/web/backend/middleware/middleware.go:64","message":"GET /api/gateway/status 200 21.416707ms"}
{"level":"debug","component":"http","time":"2026-06-30T06:23:06Z","caller":"/workspaces/picoclaw/web/backend/middleware/middleware.go:64","message":"GET /api/gateway/status 200 18.380905ms"}
{"level":"debug","component":"http","time":"2026-06-30T06:23:09Z","caller":"/workspaces/picoclaw/web/backend/middleware/middleware.go:64","message":"GET /api/gateway/status 200 25.502197ms"}
{"level":"debug","component":"http","time":"2026-06-30T06:23:11Z","caller":"/workspaces/picoclaw/web/backend/middleware/middleware.go:64","message":"GET /api/gateway/status 200 18.46806ms"}
{"level":"debug","component":"http","time":"2026-06-30T06:23:13Z","caller":"/workspaces/picoclaw/web/backend/middleware/middleware.go:64","message":"GET /api/gateway/status 200 19.158372ms"}
{"level":"debug","component":"http","time":"2026-06-30T06:23:15Z","caller":"/workspaces/picoclaw/web/backend/middleware/middleware.go:64","message":"GET /api/gateway/status 200 19.074606ms"}
{"level":"debug","component":"http","time":"2026-06-30T06:23:17Z","caller":"/workspaces/picoclaw/web/backend/middleware/middleware.go:64","message":"GET /pico/ws 200 9m59.003890444s"}
{"level":"debug","component":"http","time":"2026-06-30T06:23:18Z","caller":"/workspaces/picoclaw/web/backend/middleware/middleware.go:64","message":"GET /api/gateway/status 200 19.948566ms"}
{"level":"debug","component":"http","time":"2026-06-30T06:23:20Z","caller":"/workspaces/picoclaw/web/backend/middleware/middleware.go:64","message":"GET /api/gateway/status 200 17.554386ms"}
{"level":"debug","component":"http","time":"2026-06-30T06:23:22Z","caller":"/workspaces/picoclaw/web/backend/middleware/middleware.go:64","message":"GET /api/gateway/status 200 19.026198ms"}
{"level":"debug","component":"http","time":"2026-06-30T06:23:24Z","caller":"/workspaces/picoclaw/web/backend/middleware/middleware.go:64","message":"GET /api/gateway/status 200 19.532603ms"}
{"level":"debug","component":"http","time":"2026-06-30T06:23:26Z","caller":"/workspaces/picoclaw/web/backend/middleware/middleware.go:64","message":"GET /api/gateway/status 200 18.990622ms"}
{"level":"debug","component":"http","time":"2026-06-30T06:23:29Z","caller":"/workspaces/picoclaw/web/backend/middleware/middleware.go:64","message":"GET /api/gateway/status 200 20.720068ms"}
{"level":"debug","component":"http","time":"2026-06-30T06:23:31Z","caller":"/workspaces/picoclaw/web/backend/middleware/middleware.go:64","message":"GET /api/gateway/status 200 17.908661ms"}
{"level":"debug","component":"http","time":"2026-06-30T06:23:33Z","caller":"/workspaces/picoclaw/web/backend/middleware/middleware.go:64","message":"GET /api/gateway/status 200 24.031742ms"}
{"level":"debug","component":"http","time":"2026-06-30T06:23:35Z","caller":"/workspaces/picoclaw/web/backend/middleware/middleware.go:64","message":"GET /api/gateway/status 200 18.686705ms"}
{"level":"debug","component":"http","time":"2026-06-30T06:23:37Z","caller":"/workspaces/picoclaw/web/backend/middleware/middleware.go:64","message":"GET /api/gateway/status 200 27.865015ms"}
{"level":"debug","component":"http","time":"2026-06-30T06:23:40Z","caller":"/workspaces/picoclaw/web/backend/middleware/middleware.go:64","message":"GET /api/gateway/status 200 18.455647ms"}
{"level":"debug","component":"http","time":"2026-06-30T06:23:42Z","caller":"/workspaces/picoclaw/web/backend/middleware/middleware.go:64","message":"GET /api/gateway/status 200 19.063045ms"}
{"level":"debug","component":"http","time":"2026-06-30T06:23:44Z","caller":"/workspaces/picoclaw/web/backend/middleware/middleware.go:64","message":"GET /api/gateway/status 200 39.684013ms"}
{"level":"debug","component":"http","time":"2026-06-30T06:23:46Z","caller":"/workspaces/picoclaw/web/backend/middleware/middleware.go:64","message":"GET /api/gateway/status 200 17.803457ms"}
{"level":"debug","component":"http","time":"2026-06-30T06:23:48Z","caller":"/workspaces/picoclaw/web/backend/middleware/middleware.go:64","message":"GET /api/gateway/status 200 19.28929ms"}
{"level":"debug","component":"http","time":"2026-06-30T06:23:51Z","caller":"/workspaces/picoclaw/web/backend/middleware/middleware.go:64","message":"GET /api/gateway/status 200 17.643422ms"}
{"level":"debug","component":"http","time":"2026-06-30T06:23:53Z","caller":"/workspaces/picoclaw/web/backend/middleware/middleware.go:64","message":"GET /api/gateway/status 200 20.418054ms"}
{"level":"debug","component":"http","time":"2026-06-30T06:23:55Z","caller":"/workspaces/picoclaw/web/backend/middleware/middleware.go:64","message":"GET /api/gateway/status 200 17.722136ms"}
{"level":"debug","component":"http","time":"2026-06-30T06:23:57Z","caller":"/workspaces/picoclaw/web/backend/middleware/middleware.go:64","message":"GET /api/gateway/status 200 20.981699ms"}
{"level":"debug","component":"http","time":"2026-06-30T06:23:59Z","caller":"/workspaces/picoclaw/web/backend/middleware/middleware.go:64","message":"GET /api/gateway/status 200 18.244541ms"}
{"level":"debug","component":"http","time":"2026-06-30T06:24:02Z","caller":"/workspaces/picoclaw/web/backend/middleware/middleware.go:64","message":"GET /api/gateway/status 200 30.147429ms"}
{"level":"debug","component":"http","time":"2026-06-30T06:24:04Z","caller":"/workspaces/picoclaw/web/backend/middleware/middleware.go:64","message":"GET /api/gateway/status 200 17.858911ms"}
{"level":"debug","component":"http","time":"2026-06-30T06:24:06Z","caller":"/workspaces/picoclaw/web/backend/middleware/middleware.go:64","message":"GET /api/gateway/status 200 18.660596ms"}
{"level":"debug","component":"http","time":"2026-06-30T06:24:08Z","caller":"/workspaces/picoclaw/web/backend/middleware/middleware.go:64","message":"GET /api/gateway/status 200 18.073001ms"}
{"level":"debug","component":"http","time":"2026-06-30T06:24:10Z","caller":"/workspaces/picoclaw/web/backend/middleware/middleware.go:64","message":"GET /api/gateway/status 200 19.276074ms"}
{"level":"debug","component":"http","time":"2026-06-30T06:24:13Z","caller":"/workspaces/picoclaw/web/backend/middleware/middleware.go:64","message":"GET /api/gateway/status 200 20.691485ms"}
{"level":"debug","component":"http","time":"2026-06-30T06:24:15Z","caller":"/workspaces/picoclaw/web/backend/middleware/middleware.go:64","message":"GET /api/gateway/status 200 18.334976ms"}
{"level":"debug","component":"http","time":"2026-06-30T06:24:17Z","caller":"/workspaces/picoclaw/web/backend/middleware/middleware.go:64","message":"GET /api/gateway/status 200 25.082953ms"}
{"level":"debug","component":"http","time":"2026-06-30T06:24:20Z","caller":"/workspaces/picoclaw/web/backend/middleware/middleware.go:64","message":"GET /api/gateway/status 200 17.478381ms"}
{"level":"debug","component":"http","time":"2026-06-30T06:24:22Z","caller":"/workspaces/picoclaw/web/backend/middleware/middleware.go:64","message":"GET /api/gateway/status 200 20.346301ms"}
{"level":"debug","component":"http","time":"2026-06-30T06:24:24Z","caller":"/workspaces/picoclaw/web/backend/middleware/middleware.go:64","message":"GET /api/gateway/status 200 18.766724ms"}
{"level":"debug","component":"http","time":"2026-06-30T06:24:27Z","caller":"/workspaces/picoclaw/web/backend/middleware/middleware.go:64","message":"GET /api/gateway/status 200 19.943229ms"}
{"level":"debug","component":"http","time":"2026-06-30T06:24:29Z","caller":"/workspaces/picoclaw/web/backend/middleware/middleware.go:64","message":"GET /api/gateway/status 200 19.223717ms"}
{"level":"debug","component":"http","time":"2026-06-30T06:24:31Z","caller":"/workspaces/picoclaw/web/backend/middleware/middleware.go:64","message":"GET /api/gateway/status 200 19.451091ms"}
{"level":"debug","component":"http","time":"2026-06-30T06:24:33Z","caller":"/workspaces/picoclaw/web/backend/middleware/middleware.go:64","message":"GET /api/gateway/status 200 18.824896ms"}
{"level":"debug","component":"http","time":"2026-06-30T06:24:36Z","caller":"/workspaces/picoclaw/web/backend/middleware/middleware.go:64","message":"GET /api/gateway/status 200 20.491432ms"}
{"level":"debug","component":"http","time":"2026-06-30T06:24:38Z","caller":"/workspaces/picoclaw/web/backend/middleware/middleware.go:64","message":"GET /api/gateway/status 200 27.888176ms"}
{"level":"debug","component":"http","time":"2026-06-30T06:24:40Z","caller":"/workspaces/picoclaw/web/backend/middleware/middleware.go:64","message":"GET /api/gateway/status 200 28.815117ms"}
{"level":"debug","component":"http","time":"2026-06-30T06:24:42Z","caller":"/workspaces/picoclaw/web/backend/middleware/middleware.go:64","message":"GET /api/gateway/status 200 19.164819ms"}
{"level":"debug","component":"http","time":"2026-06-30T06:24:44Z","caller":"/workspaces/picoclaw/web/backend/middleware/middleware.go:64","message":"GET /api/gateway/status 200 21.474666ms"}
{"level":"debug","component":"http","time":"2026-06-30T06:24:47Z","caller":"/workspaces/picoclaw/web/backend/middleware/middleware.go:64","message":"GET /api/gateway/status 200 19.455392ms"}
{"level":"debug","component":"http","time":"2026-06-30T06:24:49Z","caller":"/workspaces/picoclaw/web/backend/middleware/middleware.go:64","message":"GET /api/gateway/status 200 17.731503ms"}
{"level":"debug","component":"http","time":"2026-06-30T06:24:51Z","caller":"/workspaces/picoclaw/web/backend/middleware/middleware.go:64","message":"GET /api/gateway/status 200 23.267199ms"}
{"level":"debug","component":"http","time":"2026-06-30T06:24:53Z","caller":"/workspaces/picoclaw/web/backend/middleware/middleware.go:64","message":"GET /api/gateway/status 200 19.061084ms"}
{"level":"debug","component":"http","time":"2026-06-30T06:24:55Z","caller":"/workspaces/picoclaw/web/backend/middleware/middleware.go:64","message":"GET /api/gateway/status 200 18.036803ms"}
{"level":"debug","component":"http","time":"2026-06-30T06:24:58Z","caller":"/workspaces/picoclaw/web/backend/middleware/middleware.go:64","message":"GET /api/gateway/status 200 19.63478ms"}
{"level":"debug","component":"http","time":"2026-06-30T06:25:00Z","caller":"/workspaces/picoclaw/web/backend/middleware/middleware.go:64","message":"GET /api/gateway/status 200 18.173999ms"}
{"level":"debug","component":"http","time":"2026-06-30T06:25:02Z","caller":"/workspaces/picoclaw/web/backend/middleware/middleware.go:64","message":"GET /api/gateway/status 200 48.747177ms"}
{"level":"debug","component":"http","time":"2026-06-30T06:25:04Z","caller":"/workspaces/picoclaw/web/backend/middleware/middleware.go:64","message":"GET /api/gateway/status 200 18.425004ms"}
{"level":"debug","component":"http","time":"2026-06-30T06:25:06Z","caller":"/workspaces/picoclaw/web/backend/middleware/middleware.go:64","message":"GET /api/gateway/status 200 20.488413ms"}
{"level":"debug","component":"http","time":"2026-06-30T06:25:09Z","caller":"/workspaces/picoclaw/web/backend/middleware/middleware.go:64","message":"GET /api/gateway/status 200 17.762902ms"}
{"level":"debug","component":"http","time":"2026-06-30T06:25:11Z","caller":"/workspaces/picoclaw/web/backend/middleware/middleware.go:64","message":"GET /api/gateway/status 200 44.985619ms"}
{"level":"debug","component":"http","time":"2026-06-30T06:25:13Z","caller":"/workspaces/picoclaw/web/backend/middleware/middleware.go:64","message":"GET /api/gateway/status 200 19.510205ms"}
{"level":"debug","component":"http","time":"2026-06-30T06:25:15Z","caller":"/workspaces/picoclaw/web/backend/middleware/middleware.go:64","message":"GET /api/gateway/status 200 19.036227ms"}
{"level":"debug","component":"http","time":"2026-06-30T06:25:17Z","caller":"/workspaces/picoclaw/web/backend/middleware/middleware.go:64","message":"GET /api/gateway/status 200 20.554489ms"}
{"level":"debug","component":"http","time":"2026-06-30T06:25:20Z","caller":"/workspaces/picoclaw/web/backend/middleware/middleware.go:64","message":"GET /api/gateway/status 200 18.693829ms"}
{"level":"debug","component":"http","time":"2026-06-30T06:25:22Z","caller":"/workspaces/picoclaw/web/backend/middleware/middleware.go:64","message":"GET /api/gateway/status 200 20.64607ms"}
{"level":"debug","component":"http","time":"2026-06-30T06:25:24Z","caller":"/workspaces/picoclaw/web/backend/middleware/middleware.go:64","message":"GET /api/gateway/status 200 21.721446ms"}
{"level":"debug","component":"http","time":"2026-06-30T06:25:26Z","caller":"/workspaces/picoclaw/web/backend/middleware/middleware.go:64","message":"GET /api/gateway/status 200 49.792091ms"}
{"level":"debug","component":"http","time":"2026-06-30T06:25:29Z","caller":"/workspaces/picoclaw/web/backend/middleware/middleware.go:64","message":"GET /api/gateway/status 200 20.697766ms"}
{"level":"debug","component":"http","time":"2026-06-30T06:25:31Z","caller":"/workspaces/picoclaw/web/backend/middleware/middleware.go:64","message":"GET /api/gateway/status 200 18.828436ms"}
{"level":"debug","component":"http","time":"2026-06-30T06:25:33Z","caller":"/workspaces/picoclaw/web/backend/middleware/middleware.go:64","message":"GET /api/gateway/status 200 20.692576ms"}
{"level":"debug","component":"http","time":"2026-06-30T06:25:35Z","caller":"/workspaces/picoclaw/web/backend/middleware/middleware.go:64","message":"GET /api/gateway/status 200 30.160075ms"}
{"level":"debug","component":"http","time":"2026-06-30T06:25:37Z","caller":"/workspaces/picoclaw/web/backend/middleware/middleware.go:64","message":"GET /api/gateway/status 200 38.664558ms"}
{"level":"debug","component":"http","time":"2026-06-30T06:25:40Z","caller":"/workspaces/picoclaw/web/backend/middleware/middleware.go:64","message":"GET /api/gateway/status 200 17.83136ms"}
{"level":"debug","component":"http","time":"2026-06-30T06:25:42Z","caller":"/workspaces/picoclaw/web/backend/middleware/middleware.go:64","message":"GET /api/gateway/status 200 20.748214ms"}
{"level":"debug","component":"http","time":"2026-06-30T06:25:44Z","caller":"/workspaces/picoclaw/web/backend/middleware/middleware.go:64","message":"GET /api/gateway/status 200 18.022213ms"}
{"level":"debug","component":"http","time":"2026-06-30T06:25:46Z","caller":"/workspaces/picoclaw/web/backend/middleware/middleware.go:64","message":"GET /api/gateway/status 200 97.771578ms"}
{"level":"debug","component":"http","time":"2026-06-30T06:25:48Z","caller":"/workspaces/picoclaw/web/backend/middleware/middleware.go:64","message":"GET /api/gateway/status 200 17.719328ms"}
{"level":"debug","component":"http","time":"2026-06-30T06:25:51Z","caller":"/workspaces/picoclaw/web/backend/middleware/middleware.go:64","message":"GET /api/gateway/status 200 20.16378ms"}
{"level":"debug","component":"http","time":"2026-06-30T06:25:53Z","caller":"/workspaces/picoclaw/web/backend/middleware/middleware.go:64","message":"GET /api/gateway/status 200 18.155495ms"}
{"level":"debug","component":"http","time":"2026-06-30T06:25:55Z","caller":"/workspaces/picoclaw/web/backend/middleware/middleware.go:64","message":"GET /api/gateway/status 200 19.536047ms"}
{"level":"debug","component":"http","time":"2026-06-30T06:25:57Z","caller":"/workspaces/picoclaw/web/backend/middleware/middleware.go:64","message":"GET /api/gateway/status 200 18.39814ms"}
{"level":"debug","component":"http","time":"2026-06-30T06:25:59Z","caller":"/workspaces/picoclaw/web/backend/middleware/middleware.go:64","message":"GET /api/gateway/status 200 19.162172ms"}
{"level":"debug","component":"http","time":"2026-06-30T06:26:02Z","caller":"/workspaces/picoclaw/web/backend/middleware/middleware.go:64","message":"GET /api/gateway/status 200 20.08149ms"}
{"level":"debug","component":"http","time":"2026-06-30T06:26:04Z","caller":"/workspaces/picoclaw/web/backend/middleware/middleware.go:64","message":"GET /api/gateway/status 200 17.533083ms"}
{"level":"debug","component":"http","time":"2026-06-30T06:26:06Z","caller":"/workspaces/picoclaw/web/backend/middleware/middleware.go:64","message":"GET /api/gateway/status 200 19.936066ms"}
{"level":"debug","component":"http","time":"2026-06-30T06:26:08Z","caller":"/workspaces/picoclaw/web/backend/middleware/middleware.go:64","message":"GET /api/gateway/status 200 21.358869ms"}
{"level":"debug","component":"http","time":"2026-06-30T06:26:10Z","caller":"/workspaces/picoclaw/web/backend/middleware/middleware.go:64","message":"GET /api/gateway/status 200 18.935041ms"}
{"level":"debug","component":"http","time":"2026-06-30T06:26:13Z","caller":"/workspaces/picoclaw/web/backend/middleware/middleware.go:64","message":"GET /api/gateway/status 200 18.79519ms"}
{"level":"debug","component":"http","time":"2026-06-30T06:26:15Z","caller":"/workspaces/picoclaw/web/backend/middleware/middleware.go:64","message":"GET /api/gateway/status 200 18.072249ms"}
{"level":"debug","component":"http","time":"2026-06-30T06:26:17Z","caller":"/workspaces/picoclaw/web/backend/middleware/middleware.go:64","message":"GET /api/gateway/status 200 21.034814ms"}
{"level":"debug","component":"http","time":"2026-06-30T06:26:19Z","caller":"/workspaces/picoclaw/web/backend/middleware/middleware.go:64","message":"GET /api/gateway/status 200 20.290106ms"}
{"level":"debug","component":"http","time":"2026-06-30T06:26:21Z","caller":"/workspaces/picoclaw/web/backend/middleware/middleware.go:64","message":"GET /api/gateway/status 200 18.242597ms"}
{"level":"debug","component":"http","time":"2026-06-30T06:26:24Z","caller":"/workspaces/picoclaw/web/backend/middleware/middleware.go:64","message":"GET /api/gateway/status 200 20.993004ms"}
{"level":"debug","component":"http","time":"2026-06-30T06:26:26Z","caller":"/workspaces/picoclaw/web/backend/middleware/middleware.go:64","message":"GET /api/gateway/status 200 19.770096ms"}
{"level":"debug","component":"http","time":"2026-06-30T06:26:28Z","caller":"/workspaces/picoclaw/web/backend/middleware/middleware.go:64","message":"GET /api/gateway/status 200 18.992596ms"}
{"level":"debug","component":"http","time":"2026-06-30T06:26:30Z","caller":"/workspaces/picoclaw/web/backend/middleware/middleware.go:64","message":"GET /api/gateway/status 200 19.218417ms"}
{"level":"debug","component":"http","time":"2026-06-30T06:26:33Z","caller":"/workspaces/picoclaw/web/backend/middleware/middleware.go:64","message":"GET /api/gateway/status 200 20.598662ms"}
{"level":"debug","component":"http","time":"2026-06-30T06:26:35Z","caller":"/workspaces/picoclaw/web/backend/middleware/middleware.go:64","message":"GET /api/gateway/status 200 18.777435ms"}
{"level":"debug","component":"http","time":"2026-06-30T06:26:37Z","caller":"/workspaces/picoclaw/web/backend/middleware/middleware.go:64","message":"GET /api/gateway/status 200 21.740769ms"}
{"level":"debug","component":"http","time":"2026-06-30T06:26:39Z","caller":"/workspaces/picoclaw/web/backend/middleware/middleware.go:64","message":"GET /api/gateway/status 200 21.492381ms"}
{"level":"debug","component":"http","time":"2026-06-30T06:26:41Z","caller":"/workspaces/picoclaw/web/backend/middleware/middleware.go:64","message":"GET /api/gateway/status 200 19.511042ms"}
{"level":"debug","component":"http","time":"2026-06-30T06:26:44Z","caller":"/workspaces/picoclaw/web/backend/middleware/middleware.go:64","message":"GET /api/gateway/status 200 19.625876ms"}
{"level":"debug","component":"http","time":"2026-06-30T06:26:46Z","caller":"/workspaces/picoclaw/web/backend/middleware/middleware.go:64","message":"GET /api/gateway/status 200 20.403528ms"}
{"level":"debug","component":"http","time":"2026-06-30T06:26:48Z","caller":"/workspaces/picoclaw/web/backend/middleware/middleware.go:64","message":"GET /api/gateway/status 200 19.214863ms"}
{"level":"debug","component":"http","time":"2026-06-30T06:26:50Z","caller":"/workspaces/picoclaw/web/backend/middleware/middleware.go:64","message":"GET /api/gateway/status 200 31.222748ms"}
{"level":"debug","component":"http","time":"2026-06-30T06:26:52Z","caller":"/workspaces/picoclaw/web/backend/middleware/middleware.go:64","message":"GET /api/gateway/status 200 39.379673ms"}
{"level":"debug","component":"http","time":"2026-06-30T06:26:55Z","caller":"/workspaces/picoclaw/web/backend/middleware/middleware.go:64","message":"GET /api/gateway/status 200 26.379956ms"}
{"level":"debug","component":"http","time":"2026-06-30T06:26:57Z","caller":"/workspaces/picoclaw/web/backend/middleware/middleware.go:64","message":"GET /api/gateway/status 200 19.477007ms"}
{"level":"debug","component":"http","time":"2026-06-30T06:26:59Z","caller":"/workspaces/picoclaw/web/backend/middleware/middleware.go:64","message":"GET /api/gateway/status 200 18.656836ms"}
{"level":"debug","component":"http","time":"2026-06-30T06:27:01Z","caller":"/workspaces/picoclaw/web/backend/middleware/middleware.go:64","message":"GET /api/gateway/status 200 18.802621ms"}
{"level":"debug","component":"http","time":"2026-06-30T06:27:03Z","caller":"/workspaces/picoclaw/web/backend/middleware/middleware.go:64","message":"GET /api/gateway/status 200 18.825594ms"}
{"level":"debug","component":"http","time":"2026-06-30T06:27:06Z","caller":"/workspaces/picoclaw/web/backend/middleware/middleware.go:64","message":"GET /api/gateway/status 200 22.094221ms"}
{"level":"debug","component":"http","time":"2026-06-30T06:27:08Z","caller":"/workspaces/picoclaw/web/backend/middleware/middleware.go:64","message":"GET /api/gateway/status 200 19.737154ms"}
{"level":"debug","component":"http","time":"2026-06-30T06:27:10Z","caller":"/workspaces/picoclaw/web/backend/middleware/middleware.go:64","message":"GET /api/gateway/status 200 18.473267ms"}
{"level":"debug","component":"http","time":"2026-06-30T06:27:12Z","caller":"/workspaces/picoclaw/web/backend/middleware/middleware.go:64","message":"GET /api/gateway/status 200 20.873701ms"}
{"level":"debug","component":"http","time":"2026-06-30T06:27:14Z","caller":"/workspaces/picoclaw/web/backend/middleware/middleware.go:64","message":"GET /api/gateway/status 200 17.934903ms"}
{"level":"debug","component":"http","time":"2026-06-30T06:27:17Z","caller":"/workspaces/picoclaw/web/backend/middleware/middleware.go:64","message":"GET /api/gateway/status 200 27.464214ms"}
{"level":"debug","component":"http","time":"2026-06-30T06:27:19Z","caller":"/workspaces/picoclaw/web/backend/middleware/middleware.go:64","message":"GET /api/gateway/status 200 17.463584ms"}
{"level":"debug","component":"http","time":"2026-06-30T06:27:21Z","caller":"/workspaces/picoclaw/web/backend/middleware/middleware.go:64","message":"GET /api/gateway/status 200 19.389727ms"}
{"level":"debug","component":"http","time":"2026-06-30T06:27:23Z","caller":"/workspaces/picoclaw/web/backend/middleware/middleware.go:64","message":"GET /api/gateway/status 200 20.182545ms"}
{"level":"debug","component":"http","time":"2026-06-30T06:27:25Z","caller":"/workspaces/picoclaw/web/backend/middleware/middleware.go:64","message":"GET /api/gateway/status 200 18.423366ms"}
{"level":"debug","component":"http","time":"2026-06-30T06:27:28Z","caller":"/workspaces/picoclaw/web/backend/middleware/middleware.go:64","message":"GET /api/gateway/status 200 52.708818ms"}
{"level":"debug","component":"http","time":"2026-06-30T06:27:30Z","caller":"/workspaces/picoclaw/web/backend/middleware/middleware.go:64","message":"GET /api/gateway/status 200 35.955977ms"}
{"level":"debug","component":"http","time":"2026-06-30T06:27:32Z","caller":"/workspaces/picoclaw/web/backend/middleware/middleware.go:64","message":"GET /api/gateway/status 200 19.211291ms"}
{"level":"debug","component":"http","time":"2026-06-30T06:27:34Z","caller":"/workspaces/picoclaw/web/backend/middleware/middleware.go:64","message":"GET /api/gateway/status 200 24.695603ms"}
{"level":"debug","component":"http","time":"2026-06-30T06:27:36Z","caller":"/workspaces/picoclaw/web/backend/middleware/middleware.go:64","message":"GET /api/gateway/status 200 19.472ms"}
{"level":"debug","component":"http","time":"2026-06-30T06:27:39Z","caller":"/workspaces/picoclaw/web/backend/middleware/middleware.go:64","message":"GET /api/gateway/status 200 19.092144ms"}
{"level":"debug","component":"http","time":"2026-06-30T06:27:41Z","caller":"/workspaces/picoclaw/web/backend/middleware/middleware.go:64","message":"GET /api/gateway/status 200 17.400286ms"}
{"level":"debug","component":"http","time":"2026-06-30T06:27:43Z","caller":"/workspaces/picoclaw/web/backend/middleware/middleware.go:64","message":"GET /api/gateway/status 200 19.660291ms"}
{"level":"debug","component":"http","time":"2026-06-30T06:27:45Z","caller":"/workspaces/picoclaw/web/backend/middleware/middleware.go:64","message":"GET /api/gateway/status 200 18.681215ms"}
{"level":"debug","component":"http","time":"2026-06-30T06:27:47Z","caller":"/workspaces/picoclaw/web/backend/middleware/middleware.go:64","message":"GET /api/gateway/status 200 18.861835ms"}
{"level":"debug","component":"http","time":"2026-06-30T06:27:50Z","caller":"/workspaces/picoclaw/web/backend/middleware/middleware.go:64","message":"GET /api/gateway/status 200 17.745021ms"}
{"level":"debug","component":"http","time":"2026-06-30T06:27:52Z","caller":"/workspaces/picoclaw/web/backend/middleware/middleware.go:64","message":"GET /api/gateway/status 200 35.13253ms"}
{"level":"debug","component":"http","time":"2026-06-30T06:27:54Z","caller":"/workspaces/picoclaw/web/backend/middleware/middleware.go:64","message":"GET /api/gateway/status 200 17.957598ms"}
{"level":"debug","component":"http","time":"2026-06-30T06:27:56Z","caller":"/workspaces/picoclaw/web/backend/middleware/middleware.go:64","message":"GET /api/gateway/status 200 21.952757ms"}
{"level":"debug","component":"http","time":"2026-06-30T06:27:59Z","caller":"/workspaces/picoclaw/web/backend/middleware/middleware.go:64","message":"GET /api/gateway/status 200 21.334254ms"}
{"level":"debug","component":"http","time":"2026-06-30T06:28:01Z","caller":"/workspaces/picoclaw/web/backend/middleware/middleware.go:64","message":"GET /api/gateway/status 200 18.668008ms"}
{"level":"debug","component":"http","time":"2026-06-30T06:28:03Z","caller":"/workspaces/picoclaw/web/backend/middleware/middleware.go:64","message":"GET /api/gateway/status 200 28.027826ms"}
{"level":"debug","component":"http","time":"2026-06-30T06:28:05Z","caller":"/workspaces/picoclaw/web/backend/middleware/middleware.go:64","message":"GET /api/gateway/status 200 24.814725ms"}
{"level":"debug","component":"http","time":"2026-06-30T06:28:07Z","caller":"/workspaces/picoclaw/web/backend/middleware/middleware.go:64","message":"GET /api/gateway/status 200 21.518765ms"}
{"level":"debug","component":"http","time":"2026-06-30T06:28:10Z","caller":"/workspaces/picoclaw/web/backend/middleware/middleware.go:64","message":"GET /api/gateway/status 200 19.273059ms"}
{"level":"debug","component":"http","time":"2026-06-30T06:28:12Z","caller":"/workspaces/picoclaw/web/backend/middleware/middleware.go:64","message":"GET /api/gateway/status 200 19.933163ms"}
{"level":"debug","component":"http","time":"2026-06-30T06:28:14Z","caller":"/workspaces/picoclaw/web/backend/middleware/middleware.go:64","message":"GET /api/gateway/status 200 39.704499ms"}
{"level":"debug","component":"http","time":"2026-06-30T06:28:16Z","caller":"/workspaces/picoclaw/web/backend/middleware/middleware.go:64","message":"GET /api/gateway/status 200 22.449297ms"}
{"level":"debug","component":"http","time":"2026-06-30T06:28:18Z","caller":"/workspaces/picoclaw/web/backend/middleware/middleware.go:64","message":"GET /api/gateway/status 200 20.466354ms"}
{"level":"debug","component":"http","time":"2026-06-30T06:28:21Z","caller":"/workspaces/picoclaw/web/backend/middleware/middleware.go:64","message":"GET /api/gateway/status 200 18.468651ms"}
{"level":"debug","component":"http","time":"2026-06-30T06:28:23Z","caller":"/workspaces/picoclaw/web/backend/middleware/middleware.go:64","message":"GET /api/gateway/status 200 39.698545ms"}
{"level":"debug","component":"http","time":"2026-06-30T06:28:25Z","caller":"/workspaces/picoclaw/web/backend/middleware/middleware.go:64","message":"GET /api/gateway/status 200 23.588952ms"}
{"level":"debug","component":"http","time":"2026-06-30T06:28:28Z","caller":"/workspaces/picoclaw/web/backend/middleware/middleware.go:64","message":"GET /api/gateway/status 200 50.124251ms"}
{"level":"debug","component":"http","time":"2026-06-30T06:28:30Z","caller":"/workspaces/picoclaw/web/backend/middleware/middleware.go:64","message":"GET /api/gateway/status 200 20.875508ms"}
{"level":"debug","component":"http","time":"2026-06-30T06:28:32Z","caller":"/workspaces/picoclaw/web/backend/middleware/middleware.go:64","message":"GET /api/gateway/status 200 21.729818ms"}
{"level":"debug","component":"http","time":"2026-06-30T06:28:34Z","caller":"/workspaces/picoclaw/web/backend/middleware/middleware.go:64","message":"GET /api/gateway/status 200 18.041595ms"}
{"level":"debug","component":"http","time":"2026-06-30T06:28:36Z","caller":"/workspaces/picoclaw/web/backend/middleware/middleware.go:64","message":"GET /api/gateway/status 200 19.851765ms"}
{"level":"debug","component":"http","time":"2026-06-30T06:28:39Z","caller":"/workspaces/picoclaw/web/backend/middleware/middleware.go:64","message":"GET /api/gateway/status 200 18.050936ms"}
{"level":"debug","component":"http","time":"2026-06-30T06:28:42Z","caller":"/workspaces/picoclaw/web/backend/middleware/middleware.go:64","message":"GET /api/gateway/status 200 22.065668ms"}
{"level":"debug","component":"http","time":"2026-06-30T06:28:45Z","caller":"/workspaces/picoclaw/web/backend/middleware/middleware.go:64","message":"GET /api/gateway/status 200 17.477169ms"}
{"level":"debug","component":"http","time":"2026-06-30T06:28:48Z","caller":"/workspaces/picoclaw/web/backend/middleware/middleware.go:64","message":"GET /api/gateway/status 200 18.930693ms"}
{"level":"debug","component":"http","time":"2026-06-30T06:28:51Z","caller":"/workspaces/picoclaw/web/backend/middleware/middleware.go:64","message":"GET /api/gateway/status 200 20.996336ms"}
{"level":"debug","component":"http","time":"2026-06-30T06:28:54Z","caller":"/workspaces/picoclaw/web/backend/middleware/middleware.go:64","message":"GET /api/gateway/status 200 22.133634ms"}
{"level":"debug","component":"http","time":"2026-06-30T06:28:58Z","caller":"/workspaces/picoclaw/web/backend/middleware/middleware.go:64","message":"GET /api/gateway/status 200 20.397233ms"}
{"level":"debug","component":"http","time":"2026-06-30T06:29:00Z","caller":"/workspaces/picoclaw/web/backend/middleware/middleware.go:64","message":"GET /api/gateway/status 200 17.473292ms"}
{"level":"debug","component":"http","time":"2026-06-30T06:29:03Z","caller":"/workspaces/picoclaw/web/backend/middleware/middleware.go:64","message":"GET /api/gateway/status 200 19.495814ms"}
{"level":"debug","component":"http","time":"2026-06-30T06:29:06Z","caller":"/workspaces/picoclaw/web/backend/middleware/middleware.go:64","message":"GET /api/gateway/status 200 21.021954ms"}
{"level":"debug","component":"http","time":"2026-06-30T06:29:09Z","caller":"/workspaces/picoclaw/web/backend/middleware/middleware.go:64","message":"GET /api/gateway/status 200 25.937477ms"}
{"level":"debug","component":"http","time":"2026-06-30T06:29:12Z","caller":"/workspaces/picoclaw/web/backend/middleware/middleware.go:64","message":"GET /api/gateway/status 200 27.092243ms"}
{"level":"debug","component":"http","time":"2026-06-30T06:29:15Z","caller":"/workspaces/picoclaw/web/backend/middleware/middleware.go:64","message":"GET /api/gateway/status 200 29.888723ms"}
{"level":"debug","component":"http","time":"2026-06-30T06:29:18Z","caller":"/workspaces/picoclaw/web/backend/middleware/middleware.go:64","message":"GET /api/gateway/status 200 19.330306ms"}
{"level":"debug","component":"http","time":"2026-06-30T06:29:21Z","caller":"/workspaces/picoclaw/web/backend/middleware/middleware.go:64","message":"GET /api/gateway/status 200 18.876519ms"}
{"level":"debug","component":"http","time":"2026-06-30T06:29:24Z","caller":"/workspaces/picoclaw/web/backend/middleware/middleware.go:64","message":"GET /api/gateway/status 200 21.794685ms"}
{"level":"debug","component":"http","time":"2026-06-30T06:29:28Z","caller":"/workspaces/picoclaw/web/backend/middleware/middleware.go:64","message":"GET /api/gateway/status 200 17.734519ms"}
{"level":"debug","component":"http","time":"2026-06-30T06:29:30Z","caller":"/workspaces/picoclaw/web/backend/middleware/middleware.go:64","message":"GET /api/gateway/status 200 25.652278ms"}
{"level":"debug","component":"http","time":"2026-06-30T06:29:33Z","caller":"/workspaces/picoclaw/web/backend/middleware/middleware.go:64","message":"GET /api/gateway/status 200 18.238366ms"}
{"level":"debug","component":"http","time":"2026-06-30T06:29:36Z","caller":"/workspaces/picoclaw/web/backend/middleware/middleware.go:64","message":"GET /api/gateway/status 200 21.97727ms"}
{"level":"debug","component":"http","time":"2026-06-30T06:29:39Z","caller":"/workspaces/picoclaw/web/backend/middleware/middleware.go:64","message":"GET /api/gateway/status 200 19.960602ms"}
{"level":"debug","component":"http","time":"2026-06-30T06:29:42Z","caller":"/workspaces/picoclaw/web/backend/middleware/middleware.go:64","message":"GET /api/gateway/status 200 17.667253ms"}
{"level":"debug","component":"http","time":"2026-06-30T06:29:45Z","caller":"/workspaces/picoclaw/web/backend/middleware/middleware.go:64","message":"GET /api/gateway/status 200 20.734217ms"}
{"level":"debug","component":"http","time":"2026-06-30T06:29:48Z","caller":"/workspaces/picoclaw/web/backend/middleware/middleware.go:64","message":"GET /api/gateway/status 200 18.299593ms"}
{"level":"debug","component":"http","time":"2026-06-30T06:29:51Z","caller":"/workspaces/picoclaw/web/backend/middleware/middleware.go:64","message":"GET /api/gateway/status 200 20.879277ms"}
{"level":"debug","component":"http","time":"2026-06-30T06:29:54Z","caller":"/workspaces/picoclaw/web/backend/middleware/middleware.go:64","message":"GET /api/gateway/status 200 19.133739ms"}
{"level":"debug","component":"http","time":"2026-06-30T06:29:58Z","caller":"/workspaces/picoclaw/web/backend/middleware/middleware.go:64","message":"GET /api/gateway/status 200 17.782386ms"}
{"level":"debug","component":"http","time":"2026-06-30T06:30:00Z","caller":"/workspaces/picoclaw/web/backend/middleware/middleware.go:64","message":"GET /api/gateway/status 200 24.852486ms"}
{"level":"debug","component":"http","time":"2026-06-30T06:30:03Z","caller":"/workspaces/picoclaw/web/backend/middleware/middleware.go:64","message":"GET /api/gateway/status 200 25.037511ms"}
{"level":"debug","component":"http","time":"2026-06-30T06:30:06Z","caller":"/workspaces/picoclaw/web/backend/middleware/middleware.go:64","message":"GET /api/gateway/status 200 46.428984ms"}
{"level":"debug","component":"http","time":"2026-06-30T06:30:09Z","caller":"/workspaces/picoclaw/web/backend/middleware/middleware.go:64","message":"GET /api/gateway/status 200 19.929576ms"}
{"level":"debug","component":"http","time":"2026-06-30T06:30:12Z","caller":"/workspaces/picoclaw/web/backend/middleware/middleware.go:64","message":"GET /api/gateway/status 200 27.101811ms"}
{"level":"debug","component":"http","time":"2026-06-30T06:30:15Z","caller":"/workspaces/picoclaw/web/backend/middleware/middleware.go:64","message":"GET /api/gateway/status 200 16.768941ms"}
{"level":"debug","component":"http","time":"2026-06-30T06:30:18Z","caller":"/workspaces/picoclaw/web/backend/middleware/middleware.go:64","message":"GET /api/gateway/status 200 20.389061ms"}
{"level":"debug","component":"http","time":"2026-06-30T06:30:21Z","caller":"/workspaces/picoclaw/web/backend/middleware/middleware.go:64","message":"GET /api/gateway/status 200 49.899807ms"}
{"level":"debug","component":"http","time":"2026-06-30T06:30:24Z","caller":"/workspaces/picoclaw/web/backend/middleware/middleware.go:64","message":"GET /api/gateway/status 200 19.80399ms"}
{"level":"debug","component":"http","time":"2026-06-30T06:30:28Z","caller":"/workspaces/picoclaw/web/backend/middleware/middleware.go:64","message":"GET /api/gateway/status 200 18.266552ms"}
{"level":"debug","component":"http","time":"2026-06-30T06:30:30Z","caller":"/workspaces/picoclaw/web/backend/middleware/middleware.go:64","message":"GET /api/gateway/status 200 20.235494ms"}
{"level":"debug","component":"http","time":"2026-06-30T06:30:33Z","caller":"/workspaces/picoclaw/web/backend/middleware/middleware.go:64","message":"GET /api/gateway/status 200 25.421296ms"}
{"level":"debug","component":"http","time":"2026-06-30T06:30:36Z","caller":"/workspaces/picoclaw/web/backend/middleware/middleware.go:64","message":"GET /api/gateway/status 200 21.97529ms"}
{"level":"debug","component":"http","time":"2026-06-30T06:30:39Z","caller":"/workspaces/picoclaw/web/backend/middleware/middleware.go:64","message":"GET /api/gateway/status 200 34.674468ms"}
{"level":"debug","component":"http","time":"2026-06-30T06:30:42Z","caller":"/workspaces/picoclaw/web/backend/middleware/middleware.go:64","message":"GET /api/gateway/status 200 19.25193ms"}
{"level":"debug","component":"http","time":"2026-06-30T06:30:45Z","caller":"/workspaces/picoclaw/web/backend/middleware/middleware.go:64","message":"GET /api/gateway/status 200 18.487951ms"}
{"level":"debug","component":"http","time":"2026-06-30T06:30:48Z","caller":"/workspaces/picoclaw/web/backend/middleware/middleware.go:64","message":"GET /api/gateway/status 200 20.28714ms"}
{"level":"debug","component":"http","time":"2026-06-30T06:30:51Z","caller":"/workspaces/picoclaw/web/backend/middleware/middleware.go:64","message":"GET /api/gateway/status 200 20.168769ms"}
{"level":"debug","component":"http","time":"2026-06-30T06:30:54Z","caller":"/workspaces/picoclaw/web/backend/middleware/middleware.go:64","message":"GET /api/gateway/status 200 18.52984ms"}
{"level":"debug","component":"http","time":"2026-06-30T06:30:58Z","caller":"/workspaces/picoclaw/web/backend/middleware/middleware.go:64","message":"GET /api/gateway/status 200 21.495582ms"}
{"level":"debug","component":"http","time":"2026-06-30T06:31:00Z","caller":"/workspaces/picoclaw/web/backend/middleware/middleware.go:64","message":"GET /api/gateway/status 200 18.055155ms"}
{"level":"debug","component":"http","time":"2026-06-30T06:31:03Z","caller":"/workspaces/picoclaw/web/backend/middleware/middleware.go:64","message":"GET /api/gateway/status 200 18.849689ms"}
{"level":"debug","component":"http","time":"2026-06-30T06:31:06Z","caller":"/workspaces/picoclaw/web/backend/middleware/middleware.go:64","message":"GET /api/gateway/status 200 21.504461ms"}
{"level":"debug","component":"http","time":"2026-06-30T06:31:09Z","caller":"/workspaces/picoclaw/web/backend/middleware/middleware.go:64","message":"GET /api/gateway/status 200 18.88678ms"}
{"level":"debug","component":"http","time":"2026-06-30T06:31:12Z","caller":"/workspaces/picoclaw/web/backend/middleware/middleware.go:64","message":"GET /api/gateway/status 200 20.294431ms"}
{"level":"debug","component":"http","time":"2026-06-30T06:31:15Z","caller":"/workspaces/picoclaw/web/backend/middleware/middleware.go:64","message":"GET /api/gateway/status 200 17.528352ms"}
{"level":"debug","component":"http","time":"2026-06-30T06:31:18Z","caller":"/workspaces/picoclaw/web/backend/middleware/middleware.go:64","message":"GET /api/gateway/status 200 19.427387ms"}
{"level":"debug","component":"http","time":"2026-06-30T06:31:21Z","caller":"/workspaces/picoclaw/web/backend/middleware/middleware.go:64","message":"GET /api/gateway/status 200 24.422958ms"}
{"level":"debug","component":"http","time":"2026-06-30T06:31:24Z","caller":"/workspaces/picoclaw/web/backend/middleware/middleware.go:64","message":"GET /api/gateway/status 200 21.915169ms"}
{"level":"debug","component":"http","time":"2026-06-30T06:31:27Z","caller":"/workspaces/picoclaw/web/backend/middleware/middleware.go:64","message":"GET /api/gateway/status 200 19.211744ms"}
{"level":"debug","component":"http","time":"2026-06-30T06:31:30Z","caller":"/workspaces/picoclaw/web/backend/middleware/middleware.go:64","message":"GET /api/gateway/status 200 33.774387ms"}
{"level":"debug","component":"http","time":"2026-06-30T06:31:32Z","caller":"/workspaces/picoclaw/web/backend/middleware/middleware.go:64","message":"GET /api/gateway/status 200 37.022553ms"}
{"level":"debug","component":"http","time":"2026-06-30T06:31:34Z","caller":"/workspaces/picoclaw/web/backend/middleware/middleware.go:64","message":"GET /api/gateway/status 200 30.183419ms"}
{"level":"debug","component":"http","time":"2026-06-30T06:31:36Z","caller":"/workspaces/picoclaw/web/backend/middleware/middleware.go:64","message":"GET /api/gateway/status 200 21.812636ms"}
{"level":"debug","component":"http","time":"2026-06-30T06:31:39Z","caller":"/workspaces/picoclaw/web/backend/middleware/middleware.go:64","message":"GET /api/gateway/status 200 21.580012ms"}
{"level":"debug","component":"http","time":"2026-06-30T06:31:41Z","caller":"/workspaces/picoclaw/web/backend/middleware/middleware.go:64","message":"GET /api/gateway/status 200 26.787695ms"}
{"level":"debug","component":"http","time":"2026-06-30T06:31:43Z","caller":"/workspaces/picoclaw/web/backend/middleware/middleware.go:64","message":"GET /api/gateway/status 200 24.373753ms"}
{"level":"debug","component":"http","time":"2026-06-30T06:31:45Z","caller":"/workspaces/picoclaw/web/backend/middleware/middleware.go:64","message":"GET /api/gateway/status 200 22.581443ms"}
{"level":"debug","component":"http","time":"2026-06-30T06:31:47Z","caller":"/workspaces/picoclaw/web/backend/middleware/middleware.go:64","message":"GET /api/gateway/status 200 36.474336ms"}
{"level":"debug","component":"http","time":"2026-06-30T06:31:50Z","caller":"/workspaces/picoclaw/web/backend/middleware/middleware.go:64","message":"GET /api/gateway/status 200 19.011041ms"}
{"level":"debug","component":"http","time":"2026-06-30T06:31:52Z","caller":"/workspaces/picoclaw/web/backend/middleware/middleware.go:64","message":"GET /api/gateway/status 200 20.633215ms"}
{"level":"debug","component":"http","time":"2026-06-30T06:31:54Z","caller":"/workspaces/picoclaw/web/backend/middleware/middleware.go:64","message":"GET /api/gateway/status 200 18.328159ms"}
{"level":"debug","component":"http","time":"2026-06-30T06:31:56Z","caller":"/workspaces/picoclaw/web/backend/middleware/middleware.go:64","message":"GET /api/gateway/status 200 19.375951ms"}
{"level":"debug","component":"http","time":"2026-06-30T06:31:58Z","caller":"/workspaces/picoclaw/web/backend/middleware/middleware.go:64","message":"GET /api/gateway/status 200 58.698777ms"}
{"level":"debug","component":"http","time":"2026-06-30T06:32:01Z","caller":"/workspaces/picoclaw/web/backend/middleware/middleware.go:64","message":"GET /api/gateway/status 200 17.94008ms"}
{"level":"debug","component":"http","time":"2026-06-30T06:32:03Z","caller":"/workspaces/picoclaw/web/backend/middleware/middleware.go:64","message":"GET /api/gateway/status 200 21.788213ms"}
{"level":"debug","component":"http","time":"2026-06-30T06:32:05Z","caller":"/workspaces/picoclaw/web/backend/middleware/middleware.go:64","message":"GET /api/gateway/status 200 17.59933ms"}
{"level":"debug","component":"http","time":"2026-06-30T06:32:07Z","caller":"/workspaces/picoclaw/web/backend/middleware/middleware.go:64","message":"GET /api/gateway/status 200 52.673561ms"}
{"level":"debug","component":"http","time":"2026-06-30T06:32:09Z","caller":"/workspaces/picoclaw/web/backend/middleware/middleware.go:64","message":"GET /api/gateway/status 200 20.15959ms"}
{"level":"debug","component":"http","time":"2026-06-30T06:32:12Z","caller":"/workspaces/picoclaw/web/backend/middleware/middleware.go:64","message":"GET /api/gateway/status 200 33.584195ms"}
{"level":"debug","component":"http","time":"2026-06-30T06:32:14Z","caller":"/workspaces/picoclaw/web/backend/middleware/middleware.go:64","message":"GET /api/gateway/status 200 22.912407ms"}
{"level":"debug","component":"http","time":"2026-06-30T06:32:16Z","caller":"/workspaces/picoclaw/web/backend/middleware/middleware.go:64","message":"GET /api/gateway/status 200 23.538647ms"}
{"level":"debug","component":"http","time":"2026-06-30T06:32:18Z","caller":"/workspaces/picoclaw/web/backend/middleware/middleware.go:64","message":"GET /api/gateway/status 200 20.222319ms"}
{"level":"debug","component":"http","time":"2026-06-30T06:32:20Z","caller":"/workspaces/picoclaw/web/backend/middleware/middleware.go:64","message":"GET /api/gateway/status 200 21.327241ms"}
{"level":"debug","component":"http","time":"2026-06-30T06:32:23Z","caller":"/workspaces/picoclaw/web/backend/middleware/middleware.go:64","message":"GET /api/gateway/status 200 18.823821ms"}
{"level":"debug","component":"http","time":"2026-06-30T06:32:25Z","caller":"/workspaces/picoclaw/web/backend/middleware/middleware.go:64","message":"GET /api/gateway/status 200 18.457991ms"}
{"level":"debug","component":"http","time":"2026-06-30T06:32:27Z","caller":"/workspaces/picoclaw/web/backend/middleware/middleware.go:64","message":"GET /api/gateway/status 200 30.202866ms"}
{"level":"debug","component":"http","time":"2026-06-30T06:32:29Z","caller":"/workspaces/picoclaw/web/backend/middleware/middleware.go:64","message":"GET /api/gateway/status 200 19.382976ms"}
{"level":"debug","component":"http","time":"2026-06-30T06:32:31Z","caller":"/workspaces/picoclaw/web/backend/middleware/middleware.go:64","message":"GET /api/gateway/status 200 22.22775ms"}
{"level":"debug","component":"http","time":"2026-06-30T06:32:34Z","caller":"/workspaces/picoclaw/web/backend/middleware/middleware.go:64","message":"GET /api/gateway/status 200 19.859423ms"}
{"level":"debug","component":"http","time":"2026-06-30T06:32:36Z","caller":"/workspaces/picoclaw/web/backend/middleware/middleware.go:64","message":"GET /api/gateway/status 200 22.546662ms"}
{"level":"debug","component":"http","time":"2026-06-30T06:32:38Z","caller":"/workspaces/picoclaw/web/backend/middleware/middleware.go:64","message":"GET /api/gateway/status 200 21.38065ms"}
{"level":"debug","component":"http","time":"2026-06-30T06:32:40Z","caller":"/workspaces/picoclaw/web/backend/middleware/middleware.go:64","message":"GET /api/gateway/status 200 21.461969ms"}
{"level":"debug","component":"http","time":"2026-06-30T06:32:42Z","caller":"/workspaces/picoclaw/web/backend/middleware/middleware.go:64","message":"GET /api/gateway/status 200 23.052178ms"}
{"level":"debug","component":"http","time":"2026-06-30T06:32:45Z","caller":"/workspaces/picoclaw/web/backend/middleware/middleware.go:64","message":"GET /api/gateway/status 200 29.370423ms"}
{"level":"debug","component":"http","time":"2026-06-30T06:32:47Z","caller":"/workspaces/picoclaw/web/backend/middleware/middleware.go:64","message":"GET /api/gateway/status 200 23.233827ms"}
{"level":"debug","component":"http","time":"2026-06-30T06:32:49Z","caller":"/workspaces/picoclaw/web/backend/middleware/middleware.go:64","message":"GET /api/gateway/status 200 19.39171ms"}
{"level":"debug","component":"http","time":"2026-06-30T06:32:51Z","caller":"/workspaces/picoclaw/web/backend/middleware/middleware.go:64","message":"GET /api/gateway/status 200 32.023234ms"}
{"level":"debug","component":"http","time":"2026-06-30T06:32:53Z","caller":"/workspaces/picoclaw/web/backend/middleware/middleware.go:64","message":"GET /api/gateway/status 200 20.319971ms"}
{"level":"debug","component":"http","time":"2026-06-30T06:32:56Z","caller":"/workspaces/picoclaw/web/backend/middleware/middleware.go:64","message":"GET /api/gateway/status 200 21.371776ms"}
{"level":"debug","component":"http","time":"2026-06-30T06:32:58Z","caller":"/workspaces/picoclaw/web/backend/middleware/middleware.go:64","message":"GET /api/gateway/status 200 18.727421ms"}
{"level":"debug","component":"http","time":"2026-06-30T06:33:00Z","caller":"/workspaces/picoclaw/web/backend/middleware/middleware.go:64","message":"GET /api/gateway/status 200 20.026965ms"}
{"level":"debug","component":"http","time":"2026-06-30T06:33:02Z","caller":"/workspaces/picoclaw/web/backend/middleware/middleware.go:64","message":"GET /api/gateway/status 200 21.721594ms"}
{"level":"debug","component":"http","time":"2026-06-30T06:33:05Z","caller":"/workspaces/picoclaw/web/backend/middleware/middleware.go:64","message":"GET /api/gateway/status 200 25.991433ms"}
{"level":"debug","component":"http","time":"2026-06-30T06:33:07Z","caller":"/workspaces/picoclaw/web/backend/middleware/middleware.go:64","message":"GET /api/gateway/status 200 18.050531ms"}
{"level":"debug","component":"http","time":"2026-06-30T06:33:09Z","caller":"/workspaces/picoclaw/web/backend/middleware/middleware.go:64","message":"GET /api/gateway/status 200 18.492586ms"}
{"level":"debug","component":"http","time":"2026-06-30T06:33:11Z","caller":"/workspaces/picoclaw/web/backend/middleware/middleware.go:64","message":"GET /api/gateway/status 200 21.289908ms"}
{"level":"debug","component":"http","time":"2026-06-30T06:33:13Z","caller":"/workspaces/picoclaw/web/backend/middleware/middleware.go:64","message":"GET /api/gateway/status 200 18.958813ms"}
{"level":"debug","component":"http","time":"2026-06-30T06:33:16Z","caller":"/workspaces/picoclaw/web/backend/middleware/middleware.go:64","message":"GET /api/gateway/status 200 31.622126ms"}
{"level":"debug","component":"http","time":"2026-06-30T06:33:18Z","caller":"/workspaces/picoclaw/web/backend/middleware/middleware.go:64","message":"GET /api/gateway/status 200 18.386388ms"}
{"level":"debug","component":"http","time":"2026-06-30T06:33:20Z","caller":"/workspaces/picoclaw/web/backend/middleware/middleware.go:64","message":"GET /api/gateway/status 200 18.966595ms"}
{"level":"debug","component":"http","time":"2026-06-30T06:33:22Z","caller":"/workspaces/picoclaw/web/backend/middleware/middleware.go:64","message":"GET /api/gateway/status 200 22.233143ms"}
{"level":"debug","component":"http","time":"2026-06-30T06:33:24Z","caller":"/workspaces/picoclaw/web/backend/middleware/middleware.go:64","message":"GET /api/gateway/status 200 20.386624ms"}
{"level":"debug","component":"http","time":"2026-06-30T06:33:27Z","caller":"/workspaces/picoclaw/web/backend/middleware/middleware.go:64","message":"GET /api/gateway/status 200 19.233585ms"}
{"level":"debug","component":"http","time":"2026-06-30T06:33:29Z","caller":"/workspaces/picoclaw/web/backend/middleware/middleware.go:64","message":"GET /api/gateway/status 200 22.606559ms"}
{"level":"debug","component":"http","time":"2026-06-30T06:33:31Z","caller":"/workspaces/picoclaw/web/backend/middleware/middleware.go:64","message":"GET /api/gateway/status 200 22.055719ms"}
{"level":"debug","component":"http","time":"2026-06-30T06:33:33Z","caller":"/workspaces/picoclaw/web/backend/middleware/middleware.go:64","message":"GET /api/gateway/status 200 21.562559ms"}
{"level":"debug","component":"http","time":"2026-06-30T06:33:35Z","caller":"/workspaces/picoclaw/web/backend/middleware/middleware.go:64","message":"GET /api/gateway/status 200 26.144117ms"}
{"level":"debug","component":"http","time":"2026-06-30T06:33:38Z","caller":"/workspaces/picoclaw/web/backend/middleware/middleware.go:64","message":"GET /api/gateway/status 200 21.316801ms"}
{"level":"debug","component":"http","time":"2026-06-30T06:33:40Z","caller":"/workspaces/picoclaw/web/backend/middleware/middleware.go:64","message":"GET /api/gateway/status 200 20.912607ms"}
{"level":"debug","component":"http","time":"2026-06-30T06:33:42Z","caller":"/workspaces/picoclaw/web/backend/middleware/middleware.go:64","message":"GET /api/gateway/status 200 31.118824ms"}
{"level":"debug","component":"http","time":"2026-06-30T06:33:44Z","caller":"/workspaces/picoclaw/web/backend/middleware/middleware.go:64","message":"GET /api/gateway/status 200 20.296089ms"}
{"level":"debug","component":"http","time":"2026-06-30T06:33:46Z","caller":"/workspaces/picoclaw/web/backend/middleware/middleware.go:64","message":"GET /api/gateway/status 200 18.713873ms"}
{"level":"debug","component":"http","time":"2026-06-30T06:33:49Z","caller":"/workspaces/picoclaw/web/backend/middleware/middleware.go:64","message":"GET /api/gateway/status 200 24.870159ms"}
{"level":"debug","component":"http","time":"2026-06-30T06:33:51Z","caller":"/workspaces/picoclaw/web/backend/middleware/middleware.go:64","message":"GET /api/gateway/status 200 18.14783ms"}
{"level":"debug","component":"http","time":"2026-06-30T06:33:53Z","caller":"/workspaces/picoclaw/web/backend/middleware/middleware.go:64","message":"GET /api/gateway/status 200 36.025106ms"}
{"level":"debug","component":"http","time":"2026-06-30T06:33:55Z","caller":"/workspaces/picoclaw/web/backend/middleware/middleware.go:64","message":"GET /api/gateway/status 200 67.329333ms"}
{"level":"debug","component":"http","time":"2026-06-30T06:33:58Z","caller":"/workspaces/picoclaw/web/backend/middleware/middleware.go:64","message":"GET /api/gateway/status 200 56.979591ms"}
{"level":"debug","component":"http","time":"2026-06-30T06:34:02Z","caller":"/workspaces/picoclaw/web/backend/middleware/middleware.go:64","message":"GET /api/gateway/status 200 37.244841ms"}
{"level":"debug","component":"http","time":"2026-06-30T06:34:04Z","caller":"/workspaces/picoclaw/web/backend/middleware/middleware.go:64","message":"GET /api/gateway/status 200 35.652989ms"}
{"level":"debug","component":"http","time":"2026-06-30T06:34:07Z","caller":"/workspaces/picoclaw/web/backend/middleware/middleware.go:64","message":"GET /api/gateway/status 200 34.213596ms"}
{"level":"debug","component":"http","time":"2026-06-30T06:34:09Z","caller":"/workspaces/picoclaw/web/backend/middleware/middleware.go:64","message":"GET /api/gateway/status 200 38.340404ms"}
{"level":"debug","component":"http","time":"2026-06-30T06:34:11Z","caller":"/workspaces/picoclaw/web/backend/middleware/middleware.go:64","message":"GET /api/gateway/status 200 35.447681ms"}
{"level":"debug","component":"http","time":"2026-06-30T06:34:13Z","caller":"/workspaces/picoclaw/web/backend/middleware/middleware.go:64","message":"GET /api/gateway/status 200 24.456567ms"}
{"level":"debug","component":"http","time":"2026-06-30T06:34:16Z","caller":"/workspaces/picoclaw/web/backend/middleware/middleware.go:64","message":"GET /api/gateway/status 200 24.707257ms"}
{"level":"debug","component":"http","time":"2026-06-30T06:34:18Z","caller":"/workspaces/picoclaw/web/backend/middleware/middleware.go:64","message":"GET /api/gateway/status 200 27.147564ms"}
{"level":"debug","component":"http","time":"2026-06-30T06:34:20Z","caller":"/workspaces/picoclaw/web/backend/middleware/middleware.go:64","message":"GET /api/gateway/status 200 25.935102ms"}
{"level":"debug","component":"http","time":"2026-06-30T06:34:22Z","caller":"/workspaces/picoclaw/web/backend/middleware/middleware.go:64","message":"GET /api/gateway/status 200 19.280174ms"}
{"level":"debug","component":"http","time":"2026-06-30T06:34:24Z","caller":"/workspaces/picoclaw/web/backend/middleware/middleware.go:64","message":"GET /api/gateway/status 200 20.597516ms"}
{"level":"debug","component":"http","time":"2026-06-30T06:34:27Z","caller":"/workspaces/picoclaw/web/backend/middleware/middleware.go:64","message":"GET /api/gateway/status 200 18.252816ms"}
{"level":"debug","component":"http","time":"2026-06-30T06:34:30Z","caller":"/workspaces/picoclaw/web/backend/middleware/middleware.go:64","message":"GET /api/gateway/status 200 23.142174ms"}
{"level":"debug","component":"http","time":"2026-06-30T06:34:34Z","caller":"/workspaces/picoclaw/web/backend/middleware/middleware.go:64","message":"GET /api/gateway/status 200 25.443037ms"}
{"level":"debug","component":"http","time":"2026-06-30T06:34:36Z","caller":"/workspaces/picoclaw/web/backend/middleware/middleware.go:64","message":"GET /api/gateway/status 200 39.764352ms"}
{"level":"debug","component":"http","time":"2026-06-30T06:34:39Z","caller":"/workspaces/picoclaw/web/backend/middleware/middleware.go:64","message":"GET /api/gateway/status 200 21.527762ms"}
{"level":"debug","component":"http","time":"2026-06-30T06:34:42Z","caller":"/workspaces/picoclaw/web/backend/middleware/middleware.go:64","message":"GET /api/gateway/status 200 20.859375ms"}
{"level":"debug","component":"http","time":"2026-06-30T06:34:45Z","caller":"/workspaces/picoclaw/web/backend/middleware/middleware.go:64","message":"GET /api/gateway/status 200 18.031536ms"}
{"level":"debug","component":"http","time":"2026-06-30T06:34:48Z","caller":"/workspaces/picoclaw/web/backend/middleware/middleware.go:64","message":"GET /api/gateway/status 200 22.128477ms"}
{"level":"debug","component":"http","time":"2026-06-30T06:34:51Z","caller":"/workspaces/picoclaw/web/backend/middleware/middleware.go:64","message":"GET /api/gateway/status 200 38.929786ms"}
{"level":"debug","component":"http","time":"2026-06-30T06:34:54Z","caller":"/workspaces/picoclaw/web/backend/middleware/middleware.go:64","message":"GET /api/gateway/status 200 23.960429ms"}
{"level":"debug","component":"http","time":"2026-06-30T06:34:57Z","caller":"/workspaces/picoclaw/web/backend/middleware/middleware.go:64","message":"GET /api/gateway/status 200 20.082719ms"}
{"level":"debug","component":"http","time":"2026-06-30T06:35:00Z","caller":"/workspaces/picoclaw/web/backend/middleware/middleware.go:64","message":"GET /api/gateway/status 200 17.695717ms"}
{"level":"debug","component":"http","time":"2026-06-30T06:35:04Z","caller":"/workspaces/picoclaw/web/backend/middleware/middleware.go:64","message":"GET /api/gateway/status 200 23.077632ms"}
{"level":"debug","component":"http","time":"2026-06-30T06:35:06Z","caller":"/workspaces/picoclaw/web/backend/middleware/middleware.go:64","message":"GET /api/gateway/status 200 18.599192ms"}
{"level":"debug","component":"http","time":"2026-06-30T06:35:09Z","caller":"/workspaces/picoclaw/web/backend/middleware/middleware.go:64","message":"GET /api/gateway/status 200 18.822899ms"}
{"level":"debug","component":"http","time":"2026-06-30T06:35:12Z","caller":"/workspaces/picoclaw/web/backend/middleware/middleware.go:64","message":"GET /api/gateway/status 200 21.280263ms"}
{"level":"debug","component":"http","time":"2026-06-30T06:35:15Z","caller":"/workspaces/picoclaw/web/backend/middleware/middleware.go:64","message":"GET /api/gateway/status 200 19.160088ms"}
{"level":"debug","component":"http","time":"2026-06-30T06:35:18Z","caller":"/workspaces/picoclaw/web/backend/middleware/middleware.go:64","message":"GET /api/gateway/status 200 19.918272ms"}
{"level":"debug","component":"http","time":"2026-06-30T06:35:21Z","caller":"/workspaces/picoclaw/web/backend/middleware/middleware.go:64","message":"GET /api/gateway/status 200 19.595101ms"}
{"level":"debug","component":"http","time":"2026-06-30T06:35:24Z","caller":"/workspaces/picoclaw/web/backend/middleware/middleware.go:64","message":"GET /api/gateway/status 200 20.638516ms"}
{"level":"debug","component":"http","time":"2026-06-30T06:35:27Z","caller":"/workspaces/picoclaw/web/backend/middleware/middleware.go:64","message":"GET /api/gateway/status 200 24.688009ms"}
{"level":"debug","component":"http","time":"2026-06-30T06:35:30Z","caller":"/workspaces/picoclaw/web/backend/middleware/middleware.go:64","message":"GET /api/gateway/status 200 25.997018ms"}
{"level":"debug","component":"http","time":"2026-06-30T06:35:34Z","caller":"/workspaces/picoclaw/web/backend/middleware/middleware.go:64","message":"GET /api/gateway/status 200 25.438689ms"}
{"level":"debug","component":"http","time":"2026-06-30T06:35:36Z","caller":"/workspaces/picoclaw/web/backend/middleware/middleware.go:64","message":"GET /api/gateway/status 200 20.771403ms"}
{"level":"debug","component":"http","time":"2026-06-30T06:35:39Z","caller":"/workspaces/picoclaw/web/backend/middleware/middleware.go:64","message":"GET /api/gateway/status 200 42.441696ms"}
{"level":"debug","component":"http","time":"2026-06-30T06:35:42Z","caller":"/workspaces/picoclaw/web/backend/middleware/middleware.go:64","message":"GET /api/gateway/status 200 23.329618ms"}
{"level":"debug","component":"http","time":"2026-06-30T06:35:45Z","caller":"/workspaces/picoclaw/web/backend/middleware/middleware.go:64","message":"GET /api/gateway/status 200 25.665499ms"}
{"level":"debug","component":"http","time":"2026-06-30T06:35:48Z","caller":"/workspaces/picoclaw/web/backend/middleware/middleware.go:64","message":"GET /api/gateway/status 200 19.778171ms"}
{"level":"debug","component":"http","time":"2026-06-30T06:35:51Z","caller":"/workspaces/picoclaw/web/backend/middleware/middleware.go:64","message":"GET /api/gateway/status 200 20.888512ms"}
{"level":"debug","component":"http","time":"2026-06-30T06:35:54Z","caller":"/workspaces/picoclaw/web/backend/middleware/middleware.go:64","message":"GET /api/gateway/status 200 20.550805ms"}
{"level":"debug","component":"http","time":"2026-06-30T06:35:57Z","caller":"/workspaces/picoclaw/web/backend/middleware/middleware.go:64","message":"GET /api/gateway/status 200 19.613985ms"}
{"level":"debug","component":"http","time":"2026-06-30T06:36:00Z","caller":"/workspaces/picoclaw/web/backend/middleware/middleware.go:64","message":"GET /api/gateway/status 200 26.680435ms"}
{"level":"debug","component":"http","time":"2026-06-30T06:36:04Z","caller":"/workspaces/picoclaw/web/backend/middleware/middleware.go:64","message":"GET /api/gateway/status 200 27.073782ms"}
{"level":"debug","component":"http","time":"2026-06-30T06:36:06Z","caller":"/workspaces/picoclaw/web/backend/middleware/middleware.go:64","message":"GET /api/gateway/status 200 28.90632ms"}
{"level":"debug","component":"http","time":"2026-06-30T06:36:09Z","caller":"/workspaces/picoclaw/web/backend/middleware/middleware.go:64","message":"GET /api/gateway/status 200 21.139781ms"}
{"level":"debug","component":"http","time":"2026-06-30T06:36:12Z","caller":"/workspaces/picoclaw/web/backend/middleware/middleware.go:64","message":"GET /api/gateway/status 200 25.967413ms"}
{"level":"debug","component":"http","time":"2026-06-30T06:36:15Z","caller":"/workspaces/picoclaw/web/backend/middleware/middleware.go:64","message":"GET /api/gateway/status 200 19.881766ms"}
{"level":"debug","component":"http","time":"2026-06-30T06:36:18Z","caller":"/workspaces/picoclaw/web/backend/middleware/middleware.go:64","message":"GET /api/gateway/status 200 20.521345ms"}
{"level":"debug","component":"http","time":"2026-06-30T06:36:21Z","caller":"/workspaces/picoclaw/web/backend/middleware/middleware.go:64","message":"GET /api/gateway/status 200 18.905604ms"}
{"level":"debug","component":"http","time":"2026-06-30T06:36:24Z","caller":"/workspaces/picoclaw/web/backend/middleware/middleware.go:64","message":"GET /api/gateway/status 200 20.954587ms"}
{"level":"debug","component":"http","time":"2026-06-30T06:36:27Z","caller":"/workspaces/picoclaw/web/backend/middleware/middleware.go:64","message":"GET /api/gateway/status 200 19.566035ms"}
{"level":"debug","component":"http","time":"2026-06-30T06:36:30Z","caller":"/workspaces/picoclaw/web/backend/middleware/middleware.go:64","message":"GET /api/gateway/status 200 21.768393ms"}
{"level":"debug","component":"http","time":"2026-06-30T06:36:34Z","caller":"/workspaces/picoclaw/web/backend/middleware/middleware.go:64","message":"GET /api/gateway/status 200 22.304586ms"}
{"level":"debug","component":"http","time":"2026-06-30T06:36:36Z","caller":"/workspaces/picoclaw/web/backend/middleware/middleware.go:64","message":"GET /api/gateway/status 200 19.542244ms"}
{"level":"debug","component":"http","time":"2026-06-30T06:36:39Z","caller":"/workspaces/picoclaw/web/backend/middleware/middleware.go:64","message":"GET /api/gateway/status 200 17.676909ms"}
{"level":"debug","component":"http","time":"2026-06-30T06:36:42Z","caller":"/workspaces/picoclaw/web/backend/middleware/middleware.go:64","message":"GET /api/gateway/status 200 27.965295ms"}
{"level":"debug","component":"http","time":"2026-06-30T06:36:45Z","caller":"/workspaces/picoclaw/web/backend/middleware/middleware.go:64","message":"GET /api/gateway/status 200 19.277587ms"}
{"level":"debug","component":"http","time":"2026-06-30T06:36:48Z","caller":"/workspaces/picoclaw/web/backend/middleware/middleware.go:64","message":"GET /api/gateway/status 200 19.324377ms"}
{"level":"debug","component":"http","time":"2026-06-30T06:36:51Z","caller":"/workspaces/picoclaw/web/backend/middleware/middleware.go:64","message":"GET /api/gateway/status 200 43.217368ms"}
{"level":"debug","component":"http","time":"2026-06-30T06:36:55Z","caller":"/workspaces/picoclaw/web/backend/middleware/middleware.go:64","message":"GET /api/gateway/status 200 107.852961ms"}
{"level":"debug","component":"http","time":"2026-06-30T06:36:57Z","caller":"/workspaces/picoclaw/web/backend/middleware/middleware.go:64","message":"GET /api/gateway/status 200 29.078256ms"}
{"level":"debug","component":"http","time":"2026-06-30T06:37:00Z","caller":"/workspaces/picoclaw/web/backend/middleware/middleware.go:64","message":"GET /api/gateway/status 200 24.824123ms"}
{"level":"debug","component":"http","time":"2026-06-30T06:37:04Z","caller":"/workspaces/picoclaw/web/backend/middleware/middleware.go:64","message":"GET /api/gateway/status 200 31.303025ms"}
{"level":"debug","component":"http","time":"2026-06-30T06:37:07Z","caller":"/workspaces/picoclaw/web/backend/middleware/middleware.go:64","message":"GET /api/gateway/status 200 271.567018ms"}
{"level":"debug","component":"http","time":"2026-06-30T06:37:09Z","caller":"/workspaces/picoclaw/web/backend/middleware/middleware.go:64","message":"GET /api/gateway/status 200 25.92046ms"}
{"level":"debug","component":"http","time":"2026-06-30T06:37:13Z","caller":"/workspaces/picoclaw/web/backend/middleware/middleware.go:64","message":"GET /api/gateway/status 200 63.941566ms"}
{"level":"debug","component":"http","time":"2026-06-30T06:37:16Z","caller":"/workspaces/picoclaw/web/backend/middleware/middleware.go:64","message":"GET /api/gateway/status 200 217.512062ms"}
{"level":"debug","component":"http","time":"2026-06-30T06:37:19Z","caller":"/workspaces/picoclaw/web/backend/middleware/middleware.go:64","message":"GET /api/gateway/status 200 58.679101ms"}
{"level":"debug","component":"http","time":"2026-06-30T06:37:21Z","caller":"/workspaces/picoclaw/web/backend/middleware/middleware.go:64","message":"GET /api/gateway/status 200 30.509618ms"}
{"level":"debug","component":"http","time":"2026-06-30T06:37:24Z","caller":"/workspaces/picoclaw/web/backend/middleware/middleware.go:64","message":"GET /api/gateway/status 200 21.881995ms"}
{"level":"debug","component":"http","time":"2026-06-30T06:37:28Z","caller":"/workspaces/picoclaw/web/backend/middleware/middleware.go:64","message":"GET /api/gateway/status 200 118.496655ms"}
{"level":"debug","component":"http","time":"2026-06-30T06:37:30Z","caller":"/workspaces/picoclaw/web/backend/middleware/middleware.go:64","message":"GET /api/gateway/status 200 41.809394ms"}
{"level":"debug","component":"http","time":"2026-06-30T06:37:34Z","caller":"/workspaces/picoclaw/web/backend/middleware/middleware.go:64","message":"GET /api/gateway/status 200 34.730683ms"}
{"level":"debug","component":"http","time":"2026-06-30T06:37:36Z","caller":"/workspaces/picoclaw/web/backend/middleware/middleware.go:64","message":"GET /api/gateway/status 200 20.640447ms"}
{"level":"debug","component":"http","time":"2026-06-30T06:37:39Z","caller":"/workspaces/picoclaw/web/backend/middleware/middleware.go:64","message":"GET /api/gateway/status 200 42.746302ms"}
{"level":"debug","component":"http","time":"2026-06-30T06:37:42Z","caller":"/workspaces/picoclaw/web/backend/middleware/middleware.go:64","message":"GET /api/gateway/status 200 27.109914ms"}
{"level":"debug","component":"http","time":"2026-06-30T06:37:46Z","caller":"/workspaces/picoclaw/web/backend/middleware/middleware.go:64","message":"GET /api/gateway/status 200 228.714478ms"}
{"level":"debug","component":"http","time":"2026-06-30T06:37:48Z","caller":"/workspaces/picoclaw/web/backend/middleware/middleware.go:64","message":"GET /api/gateway/status 200 55.758943ms"}
{"level":"debug","component":"http","time":"2026-06-30T06:37:51Z","caller":"/workspaces/picoclaw/web/backend/middleware/middleware.go:64","message":"GET /api/gateway/status 200 40.075628ms"}
{"level":"debug","component":"http","time":"2026-06-30T06:37:54Z","caller":"/workspaces/picoclaw/web/backend/middleware/middleware.go:64","message":"GET /api/gateway/status 200 23.637742ms"}
{"level":"debug","component":"http","time":"2026-06-30T06:37:58Z","caller":"/workspaces/picoclaw/web/backend/middleware/middleware.go:64","message":"GET /api/gateway/status 200 68.975819ms"}
{"level":"debug","component":"http","time":"2026-06-30T06:38:00Z","caller":"/workspaces/picoclaw/web/backend/middleware/middleware.go:64","message":"GET /api/gateway/status 200 27.132982ms"}
{"level":"debug","component":"http","time":"2026-06-30T06:38:04Z","caller":"/workspaces/picoclaw/web/backend/middleware/middleware.go:64","message":"GET /api/gateway/status 200 33.757999ms"}
{"level":"debug","component":"http","time":"2026-06-30T06:38:06Z","caller":"/workspaces/picoclaw/web/backend/middleware/middleware.go:64","message":"GET /api/gateway/status 200 35.788917ms"}
{"level":"debug","component":"http","time":"2026-06-30T06:38:09Z","caller":"/workspaces/picoclaw/web/backend/middleware/middleware.go:64","message":"GET /api/gateway/status 200 19.51864ms"}
{"level":"debug","component":"http","time":"2026-06-30T06:38:12Z","caller":"/workspaces/picoclaw/web/backend/middleware/middleware.go:64","message":"GET /api/gateway/status 200 22.466193ms"}
{"level":"debug","component":"http","time":"2026-06-30T06:38:15Z","caller":"/workspaces/picoclaw/web/backend/middleware/middleware.go:64","message":"GET /api/gateway/status 200 20.196709ms"}
{"level":"debug","component":"http","time":"2026-06-30T06:38:18Z","caller":"/workspaces/picoclaw/web/backend/middleware/middleware.go:64","message":"GET /api/gateway/status 200 21.381854ms"}
{"level":"debug","component":"http","time":"2026-06-30T06:38:21Z","caller":"/workspaces/picoclaw/web/backend/middleware/middleware.go:64","message":"GET /api/gateway/status 200 22.821037ms"}
{"level":"debug","component":"http","time":"2026-06-30T06:38:24Z","caller":"/workspaces/picoclaw/web/backend/middleware/middleware.go:64","message":"GET /api/gateway/status 200 19.413152ms"}
{"level":"debug","component":"http","time":"2026-06-30T06:38:27Z","caller":"/workspaces/picoclaw/web/backend/middleware/middleware.go:64","message":"GET /api/gateway/status 200 19.687101ms"}
{"level":"debug","component":"http","time":"2026-06-30T06:38:30Z","caller":"/workspaces/picoclaw/web/backend/middleware/middleware.go:64","message":"GET /api/gateway/status 200 21.426623ms"}
{"level":"debug","component":"http","time":"2026-06-30T06:38:34Z","caller":"/workspaces/picoclaw/web/backend/middleware/middleware.go:64","message":"GET /api/gateway/status 200 21.300564ms"}
{"level":"debug","component":"http","time":"2026-06-30T06:38:36Z","caller":"/workspaces/picoclaw/web/backend/middleware/middleware.go:64","message":"GET /api/gateway/status 200 20.258647ms"}
{"level":"debug","component":"http","time":"2026-06-30T06:38:39Z","caller":"/workspaces/picoclaw/web/backend/middleware/middleware.go:64","message":"GET /api/gateway/status 200 19.478735ms"}
{"level":"debug","component":"http","time":"2026-06-30T06:38:42Z","caller":"/workspaces/picoclaw/web/backend/middleware/middleware.go:64","message":"GET /api/gateway/status 200 30.828795ms"}
{"level":"debug","component":"http","time":"2026-06-30T06:38:45Z","caller":"/workspaces/picoclaw/web/backend/middleware/middleware.go:64","message":"GET /api/gateway/status 200 21.232631ms"}
{"level":"debug","component":"http","time":"2026-06-30T06:38:48Z","caller":"/workspaces/picoclaw/web/backend/middleware/middleware.go:64","message":"GET /api/gateway/status 200 17.92778ms"}
{"level":"debug","component":"http","time":"2026-06-30T06:38:51Z","caller":"/workspaces/picoclaw/web/backend/middleware/middleware.go:64","message":"GET /api/gateway/status 200 23.275645ms"}
{"level":"debug","component":"http","time":"2026-06-30T06:38:54Z","caller":"/workspaces/picoclaw/web/backend/middleware/middleware.go:64","message":"GET /api/gateway/status 200 20.448324ms"}
{"level":"debug","component":"http","time":"2026-06-30T06:38:57Z","caller":"/workspaces/picoclaw/web/backend/middleware/middleware.go:64","message":"GET /api/gateway/status 200 41.885053ms"}
{"level":"debug","component":"http","time":"2026-06-30T06:39:00Z","caller":"/workspaces/picoclaw/web/backend/middleware/middleware.go:64","message":"GET /api/gateway/status 200 22.54503ms"}
{"level":"debug","component":"http","time":"2026-06-30T06:39:04Z","caller":"/workspaces/picoclaw/web/backend/middleware/middleware.go:64","message":"GET /api/gateway/status 200 21.11083ms"}
{"level":"debug","component":"http","time":"2026-06-30T06:39:06Z","caller":"/workspaces/picoclaw/web/backend/middleware/middleware.go:64","message":"GET /api/gateway/status 200 26.085378ms"}
{"level":"debug","component":"http","time":"2026-06-30T06:39:10Z","caller":"/workspaces/picoclaw/web/backend/middleware/middleware.go:64","message":"GET /api/gateway/status 200 72.44643ms"}
{"level":"debug","component":"http","time":"2026-06-30T06:39:12Z","caller":"/workspaces/picoclaw/web/backend/middleware/middleware.go:64","message":"GET /api/gateway/status 200 20.84316ms"}
{"level":"debug","component":"http","time":"2026-06-30T06:39:15Z","caller":"/workspaces/picoclaw/web/backend/middleware/middleware.go:64","message":"GET /api/gateway/status 200 18.079373ms"}
{"level":"debug","component":"http","time":"2026-06-30T06:39:18Z","caller":"/workspaces/picoclaw/web/backend/middleware/middleware.go:64","message":"GET /api/gateway/status 200 20.037252ms"}
{"level":"debug","component":"http","time":"2026-06-30T06:39:21Z","caller":"/workspaces/picoclaw/web/backend/middleware/middleware.go:64","message":"GET /api/gateway/status 200 18.486394ms"}
{"level":"debug","component":"http","time":"2026-06-30T06:39:24Z","caller":"/workspaces/picoclaw/web/backend/middleware/middleware.go:64","message":"GET /api/gateway/status 200 19.96112ms"}
{"level":"debug","component":"http","time":"2026-06-30T06:39:27Z","caller":"/workspaces/picoclaw/web/backend/middleware/middleware.go:64","message":"GET /api/gateway/status 200 19.568898ms"}
{"level":"debug","component":"http","time":"2026-06-30T06:39:30Z","caller":"/workspaces/picoclaw/web/backend/middleware/middleware.go:64","message":"GET /api/gateway/status 200 40.016761ms"}
{"level":"debug","component":"http","time":"2026-06-30T06:39:34Z","caller":"/workspaces/picoclaw/web/backend/middleware/middleware.go:64","message":"GET /api/gateway/status 200 22.318046ms"}
{"level":"debug","component":"http","time":"2026-06-30T06:39:36Z","caller":"/workspaces/picoclaw/web/backend/middleware/middleware.go:64","message":"GET /api/gateway/status 200 20.690255ms"}
{"level":"debug","component":"http","time":"2026-06-30T06:39:39Z","caller":"/workspaces/picoclaw/web/backend/middleware/middleware.go:64","message":"GET /api/gateway/status 200 20.102436ms"}
{"level":"debug","component":"http","time":"2026-06-30T06:39:42Z","caller":"/workspaces/picoclaw/web/backend/middleware/middleware.go:64","message":"GET /api/gateway/status 200 19.80965ms"}
{"level":"debug","component":"http","time":"2026-06-30T06:39:45Z","caller":"/workspaces/picoclaw/web/backend/middleware/middleware.go:64","message":"GET /api/gateway/status 200 20.581898ms"}
{"level":"debug","component":"http","time":"2026-06-30T06:39:48Z","caller":"/workspaces/picoclaw/web/backend/middleware/middleware.go:64","message":"GET /api/gateway/status 200 41.67325ms"}
{"level":"debug","component":"http","time":"2026-06-30T06:39:51Z","caller":"/workspaces/picoclaw/web/backend/middleware/middleware.go:64","message":"GET /api/gateway/status 200 28.856614ms"}
{"level":"debug","component":"http","time":"2026-06-30T06:39:54Z","caller":"/workspaces/picoclaw/web/backend/middleware/middleware.go:64","message":"GET /api/gateway/status 200 19.228067ms"}
{"level":"debug","component":"http","time":"2026-06-30T06:39:57Z","caller":"/workspaces/picoclaw/web/backend/middleware/middleware.go:64","message":"GET /api/gateway/status 200 43.696825ms"}
{"level":"debug","component":"http","time":"2026-06-30T06:40:00Z","caller":"/workspaces/picoclaw/web/backend/middleware/middleware.go:64","message":"GET /api/gateway/status 200 30.174783ms"}
{"level":"debug","component":"http","time":"2026-06-30T06:40:04Z","caller":"/workspaces/picoclaw/web/backend/middleware/middleware.go:64","message":"GET /api/gateway/status 200 62.459602ms"}
{"level":"debug","component":"http","time":"2026-06-30T06:40:06Z","caller":"/workspaces/picoclaw/web/backend/middleware/middleware.go:64","message":"GET /api/gateway/status 200 18.657641ms"}
{"level":"debug","component":"http","time":"2026-06-30T06:40:09Z","caller":"/workspaces/picoclaw/web/backend/middleware/middleware.go:64","message":"GET /api/gateway/status 200 19.309477ms"}
{"level":"debug","component":"http","time":"2026-06-30T06:40:12Z","caller":"/workspaces/picoclaw/web/backend/middleware/middleware.go:64","message":"GET /api/gateway/status 200 19.777643ms"}
{"level":"debug","component":"http","time":"2026-06-30T06:40:15Z","caller":"/workspaces/picoclaw/web/backend/middleware/middleware.go:64","message":"GET /api/gateway/status 200 19.772823ms"}
{"level":"debug","component":"http","time":"2026-06-30T06:40:18Z","caller":"/workspaces/picoclaw/web/backend/middleware/middleware.go:64","message":"GET /api/gateway/status 200 41.567927ms"}
{"level":"debug","component":"http","time":"2026-06-30T06:40:21Z","caller":"/workspaces/picoclaw/web/backend/middleware/middleware.go:64","message":"GET /api/gateway/status 200 21.208469ms"}
{"level":"debug","component":"http","time":"2026-06-30T06:40:23Z","caller":"/workspaces/picoclaw/web/backend/middleware/middleware.go:64","message":"GET /api/gateway/status 200 18.449122ms"}
{"level":"debug","component":"http","time":"2026-06-30T06:40:25Z","caller":"/workspaces/picoclaw/web/backend/middleware/middleware.go:64","message":"GET /api/gateway/status 200 19.588076ms"}
{"level":"debug","component":"http","time":"2026-06-30T06:40:28Z","caller":"/workspaces/picoclaw/web/backend/middleware/middleware.go:64","message":"GET /api/gateway/status 200 18.278131ms"}
{"level":"debug","component":"http","time":"2026-06-30T06:40:31Z","caller":"/workspaces/picoclaw/web/backend/middleware/middleware.go:64","message":"GET /api/gateway/status 200 19.70947ms"}
{"level":"debug","component":"http","time":"2026-06-30T06:40:34Z","caller":"/workspaces/picoclaw/web/backend/middleware/middleware.go:64","message":"GET /api/gateway/status 200 26.13104ms"}
{"level":"debug","component":"http","time":"2026-06-30T06:40:37Z","caller":"/workspaces/picoclaw/web/backend/middleware/middleware.go:64","message":"GET /api/gateway/status 200 25.390429ms"}
{"level":"debug","component":"http","time":"2026-06-30T06:40:40Z","caller":"/workspaces/picoclaw/web/backend/middleware/middleware.go:64","message":"GET /api/gateway/status 200 17.733056ms"}
{"level":"debug","component":"http","time":"2026-06-30T06:40:43Z","caller":"/workspaces/picoclaw/web/backend/middleware/middleware.go:64","message":"GET /api/gateway/status 200 21.433288ms"}
{"level":"debug","component":"http","time":"2026-06-30T06:40:46Z","caller":"/workspaces/picoclaw/web/backend/middleware/middleware.go:64","message":"GET /api/gateway/status 200 22.063193ms"}
{"level":"debug","component":"http","time":"2026-06-30T06:40:49Z","caller":"/workspaces/picoclaw/web/backend/middleware/middleware.go:64","message":"GET /api/gateway/status 200 19.460558ms"}
{"level":"debug","component":"http","time":"2026-06-30T06:40:52Z","caller":"/workspaces/picoclaw/web/backend/middleware/middleware.go:64","message":"GET /api/gateway/status 200 29.265685ms"}
{"level":"debug","component":"http","time":"2026-06-30T06:40:55Z","caller":"/workspaces/picoclaw/web/backend/middleware/middleware.go:64","message":"GET /api/gateway/status 200 20.212875ms"}
{"level":"debug","component":"http","time":"2026-06-30T06:40:58Z","caller":"/workspaces/picoclaw/web/backend/middleware/middleware.go:64","message":"GET /api/gateway/status 200 20.199554ms"}
{"level":"debug","component":"http","time":"2026-06-30T06:41:01Z","caller":"/workspaces/picoclaw/web/backend/middleware/middleware.go:64","message":"GET /api/gateway/status 200 19.118453ms"}
{"level":"debug","component":"http","time":"2026-06-30T06:41:05Z","caller":"/workspaces/picoclaw/web/backend/middleware/middleware.go:64","message":"GET /api/gateway/status 200 27.393212ms"}
{"level":"debug","component":"http","time":"2026-06-30T06:41:07Z","caller":"/workspaces/picoclaw/web/backend/middleware/middleware.go:64","message":"GET /api/gateway/status 200 20.330519ms"}
{"level":"debug","component":"http","time":"2026-06-30T06:41:10Z","caller":"/workspaces/picoclaw/web/backend/middleware/middleware.go:64","message":"GET /api/gateway/status 200 30.06622ms"}
{"level":"debug","component":"http","time":"2026-06-30T06:41:13Z","caller":"/workspaces/picoclaw/web/backend/middleware/middleware.go:64","message":"GET /api/gateway/status 200 17.568837ms"}
{"level":"debug","component":"http","time":"2026-06-30T06:41:16Z","caller":"/workspaces/picoclaw/web/backend/middleware/middleware.go:64","message":"GET /api/gateway/status 200 19.946655ms"}
{"level":"debug","component":"http","time":"2026-06-30T06:41:19Z","caller":"/workspaces/picoclaw/web/backend/middleware/middleware.go:64","message":"GET /api/gateway/status 200 19.289509ms"}
{"level":"debug","component":"http","time":"2026-06-30T06:41:22Z","caller":"/workspaces/picoclaw/web/backend/middleware/middleware.go:64","message":"GET /api/gateway/status 200 16.899674ms"}
{"level":"debug","component":"http","time":"2026-06-30T06:41:25Z","caller":"/workspaces/picoclaw/web/backend/middleware/middleware.go:64","message":"GET /api/gateway/status 200 31.776261ms"}
{"level":"debug","component":"http","time":"2026-06-30T06:41:28Z","caller":"/workspaces/picoclaw/web/backend/middleware/middleware.go:64","message":"GET /api/gateway/status 200 19.840981ms"}
{"level":"debug","component":"http","time":"2026-06-30T06:41:31Z","caller":"/workspaces/picoclaw/web/backend/middleware/middleware.go:64","message":"GET /api/gateway/status 200 18.267425ms"}
{"level":"debug","component":"http","time":"2026-06-30T06:41:35Z","caller":"/workspaces/picoclaw/web/backend/middleware/middleware.go:64","message":"GET /api/gateway/status 200 27.97358ms"}
{"level":"debug","component":"http","time":"2026-06-30T06:41:37Z","caller":"/workspaces/picoclaw/web/backend/middleware/middleware.go:64","message":"GET /api/gateway/status 200 19.796087ms"}
{"level":"debug","component":"http","time":"2026-06-30T06:41:40Z","caller":"/workspaces/picoclaw/web/backend/middleware/middleware.go:64","message":"GET /api/gateway/status 200 17.918961ms"}
{"level":"debug","component":"http","time":"2026-06-30T06:41:43Z","caller":"/workspaces/picoclaw/web/backend/middleware/middleware.go:64","message":"GET /api/gateway/status 200 20.267494ms"}
{"level":"debug","component":"http","time":"2026-06-30T06:41:46Z","caller":"/workspaces/picoclaw/web/backend/middleware/middleware.go:64","message":"GET /api/gateway/status 200 19.446736ms"}
{"level":"debug","component":"http","time":"2026-06-30T06:41:49Z","caller":"/workspaces/picoclaw/web/backend/middleware/middleware.go:64","message":"GET /api/gateway/status 200 20.711009ms"}
{"level":"debug","component":"http","time":"2026-06-30T06:41:52Z","caller":"/workspaces/picoclaw/web/backend/middleware/middleware.go:64","message":"GET /api/gateway/status 200 17.606941ms"}
{"level":"debug","component":"http","time":"2026-06-30T06:41:55Z","caller":"/workspaces/picoclaw/web/backend/middleware/middleware.go:64","message":"GET /api/gateway/status 200 20.555683ms"}
{"level":"debug","component":"http","time":"2026-06-30T06:41:59Z","caller":"/workspaces/picoclaw/web/backend/middleware/middleware.go:64","message":"GET /api/gateway/status 200 61.628314ms"}
{"level":"debug","component":"http","time":"2026-06-30T06:42:01Z","caller":"/workspaces/picoclaw/web/backend/middleware/middleware.go:64","message":"GET /api/gateway/status 200 21.767554ms"}
{"level":"debug","component":"http","time":"2026-06-30T06:42:05Z","caller":"/workspaces/picoclaw/web/backend/middleware/middleware.go:64","message":"GET /api/gateway/status 200 62.573565ms"}
{"level":"debug","component":"http","time":"2026-06-30T06:42:07Z","caller":"/workspaces/picoclaw/web/backend/middleware/middleware.go:64","message":"GET /api/gateway/status 200 38.74052ms"}
{"level":"debug","component":"http","time":"2026-06-30T06:42:10Z","caller":"/workspaces/picoclaw/web/backend/middleware/middleware.go:64","message":"GET /api/gateway/status 200 24.745747ms"}
{"level":"debug","component":"http","time":"2026-06-30T06:42:13Z","caller":"/workspaces/picoclaw/web/backend/middleware/middleware.go:64","message":"GET /api/gateway/status 200 37.813043ms"}
{"level":"debug","component":"http","time":"2026-06-30T06:42:16Z","caller":"/workspaces/picoclaw/web/backend/middleware/middleware.go:64","message":"GET /api/gateway/status 200 45.600666ms"}
{"level":"debug","component":"http","time":"2026-06-30T06:42:19Z","caller":"/workspaces/picoclaw/web/backend/middleware/middleware.go:64","message":"GET /api/gateway/status 200 21.421446ms"}
{"level":"debug","component":"http","time":"2026-06-30T06:42:22Z","caller":"/workspaces/picoclaw/web/backend/middleware/middleware.go:64","message":"GET /api/gateway/status 200 40.546246ms"}
{"level":"debug","component":"http","time":"2026-06-30T06:42:25Z","caller":"/workspaces/picoclaw/web/backend/middleware/middleware.go:64","message":"GET /api/gateway/status 200 35.262881ms"}
{"level":"debug","component":"http","time":"2026-06-30T06:42:28Z","caller":"/workspaces/picoclaw/web/backend/middleware/middleware.go:64","message":"GET /api/gateway/status 200 27.707231ms"}
{"level":"debug","component":"http","time":"2026-06-30T06:42:31Z","caller":"/workspaces/picoclaw/web/backend/middleware/middleware.go:64","message":"GET /api/gateway/status 200 37.487002ms"}
{"level":"debug","component":"http","time":"2026-06-30T06:42:35Z","caller":"/workspaces/picoclaw/web/backend/middleware/middleware.go:64","message":"GET /api/gateway/status 200 60.828359ms"}
{"level":"debug","component":"http","time":"2026-06-30T06:42:37Z","caller":"/workspaces/picoclaw/web/backend/middleware/middleware.go:64","message":"GET /api/gateway/status 200 35.943734ms"}
{"level":"debug","component":"http","time":"2026-06-30T06:42:40Z","caller":"/workspaces/picoclaw/web/backend/middleware/middleware.go:64","message":"GET /api/gateway/status 200 22.98885ms"}
{"level":"debug","component":"http","time":"2026-06-30T06:42:43Z","caller":"/workspaces/picoclaw/web/backend/middleware/middleware.go:64","message":"GET /api/gateway/status 200 20.659883ms"}
{"level":"debug","component":"http","time":"2026-06-30T06:42:46Z","caller":"/workspaces/picoclaw/web/backend/middleware/middleware.go:64","message":"GET /api/gateway/status 200 22.699841ms"}
{"level":"debug","component":"http","time":"2026-06-30T06:42:49Z","caller":"/workspaces/picoclaw/web/backend/middleware/middleware.go:64","message":"GET /api/gateway/status 200 44.603466ms"}
{"level":"debug","component":"http","time":"2026-06-30T06:42:52Z","caller":"/workspaces/picoclaw/web/backend/middleware/middleware.go:64","message":"GET /api/gateway/status 200 32.071901ms"}
{"level":"debug","component":"http","time":"2026-06-30T06:42:55Z","caller":"/workspaces/picoclaw/web/backend/middleware/middleware.go:64","message":"GET /api/gateway/status 200 54.306846ms"}
{"level":"debug","component":"http","time":"2026-06-30T06:42:58Z","caller":"/workspaces/picoclaw/web/backend/middleware/middleware.go:64","message":"GET /api/gateway/status 200 26.201389ms"}
{"level":"debug","component":"http","time":"2026-06-30T06:43:01Z","caller":"/workspaces/picoclaw/web/backend/middleware/middleware.go:64","message":"GET /api/gateway/status 200 25.223428ms"}
{"level":"debug","component":"http","time":"2026-06-30T06:43:05Z","caller":"/workspaces/picoclaw/web/backend/middleware/middleware.go:64","message":"GET /api/gateway/status 200 56.161675ms"}
{"level":"debug","component":"http","time":"2026-06-30T06:43:08Z","caller":"/workspaces/picoclaw/web/backend/middleware/middleware.go:64","message":"GET /api/gateway/status 200 61.646869ms"}
{"level":"debug","component":"http","time":"2026-06-30T06:43:10Z","caller":"/workspaces/picoclaw/web/backend/middleware/middleware.go:64","message":"GET /api/gateway/status 200 26.058786ms"}
{"level":"debug","component":"http","time":"2026-06-30T06:43:13Z","caller":"/workspaces/picoclaw/web/backend/middleware/middleware.go:64","message":"GET /api/gateway/status 200 21.349893ms"}
{"level":"debug","component":"http","time":"2026-06-30T06:43:16Z","caller":"/workspaces/picoclaw/web/backend/middleware/middleware.go:64","message":"GET /api/gateway/status 200 19.85257ms"}
{"level":"debug","component":"http","time":"2026-06-30T06:43:19Z","caller":"/workspaces/picoclaw/web/backend/middleware/middleware.go:64","message":"GET /api/gateway/status 200 25.124201ms"}
{"level":"debug","component":"http","time":"2026-06-30T06:43:22Z","caller":"/workspaces/picoclaw/web/backend/middleware/middleware.go:64","message":"GET /api/gateway/status 200 22.932284ms"}
{"level":"debug","component":"http","time":"2026-06-30T06:43:25Z","caller":"/workspaces/picoclaw/web/backend/middleware/middleware.go:64","message":"GET /api/gateway/status 200 25.058784ms"}
{"level":"debug","component":"http","time":"2026-06-30T06:43:28Z","caller":"/workspaces/picoclaw/web/backend/middleware/middleware.go:64","message":"GET /api/gateway/status 200 31.081888ms"}
{"level":"debug","component":"http","time":"2026-06-30T06:43:31Z","caller":"/workspaces/picoclaw/web/backend/middleware/middleware.go:64","message":"GET /api/gateway/status 200 26.175363ms"}
{"level":"debug","component":"http","time":"2026-06-30T06:43:35Z","caller":"/workspaces/picoclaw/web/backend/middleware/middleware.go:64","message":"GET /api/gateway/status 200 24.657562ms"}
{"level":"debug","component":"http","time":"2026-06-30T06:43:37Z","caller":"/workspaces/picoclaw/web/backend/middleware/middleware.go:64","message":"GET /api/gateway/status 200 25.462784ms"}
{"level":"debug","component":"http","time":"2026-06-30T06:43:40Z","caller":"/workspaces/picoclaw/web/backend/middleware/middleware.go:64","message":"GET /api/gateway/status 200 29.650064ms"}
{"level":"debug","component":"http","time":"2026-06-30T06:43:44Z","caller":"/workspaces/picoclaw/web/backend/middleware/middleware.go:64","message":"GET /api/gateway/status 200 57.136896ms"}
{"level":"debug","component":"http","time":"2026-06-30T06:43:46Z","caller":"/workspaces/picoclaw/web/backend/middleware/middleware.go:64","message":"GET /api/gateway/status 200 24.044158ms"}
{"level":"debug","component":"http","time":"2026-06-30T06:43:50Z","caller":"/workspaces/picoclaw/web/backend/middleware/middleware.go:64","message":"GET /api/gateway/status 200 23.99172ms"}
{"level":"debug","component":"http","time":"2026-06-30T06:43:52Z","caller":"/workspaces/picoclaw/web/backend/middleware/middleware.go:64","message":"GET /api/gateway/status 200 23.540909ms"}
{"level":"debug","component":"http","time":"2026-06-30T06:43:55Z","caller":"/workspaces/picoclaw/web/backend/middleware/middleware.go:64","message":"GET /api/gateway/status 200 26.516069ms"}
{"level":"debug","component":"http","time":"2026-06-30T06:43:59Z","caller":"/workspaces/picoclaw/web/backend/middleware/middleware.go:64","message":"GET /api/gateway/status 200 55.867537ms"}
{"level":"debug","component":"http","time":"2026-06-30T06:44:02Z","caller":"/workspaces/picoclaw/web/backend/middleware/middleware.go:64","message":"GET /api/gateway/status 200 56.842194ms"}
{"level":"debug","component":"http","time":"2026-06-30T06:44:05Z","caller":"/workspaces/picoclaw/web/backend/middleware/middleware.go:64","message":"GET /api/gateway/status 200 32.347078ms"}
{"level":"debug","component":"http","time":"2026-06-30T06:44:07Z","caller":"/workspaces/picoclaw/web/backend/middleware/middleware.go:64","message":"GET /api/gateway/status 200 22.899814ms"}
{"level":"debug","component":"http","time":"2026-06-30T06:44:10Z","caller":"/workspaces/picoclaw/web/backend/middleware/middleware.go:64","message":"GET /api/gateway/status 200 19.495754ms"}
{"level":"debug","component":"http","time":"2026-06-30T06:44:13Z","caller":"/workspaces/picoclaw/web/backend/middleware/middleware.go:64","message":"GET /api/gateway/status 200 20.015334ms"}
{"level":"debug","component":"http","time":"2026-06-30T06:44:17Z","caller":"/workspaces/picoclaw/web/backend/middleware/middleware.go:64","message":"GET /api/gateway/status 200 66.984923ms"}
{"level":"debug","component":"http","time":"2026-06-30T06:44:19Z","caller":"/workspaces/picoclaw/web/backend/middleware/middleware.go:64","message":"GET /api/gateway/status 200 39.309422ms"}
{"level":"debug","component":"http","time":"2026-06-30T06:44:22Z","caller":"/workspaces/picoclaw/web/backend/middleware/middleware.go:64","message":"GET /api/gateway/status 200 26.228294ms"}
{"level":"debug","component":"http","time":"2026-06-30T06:44:25Z","caller":"/workspaces/picoclaw/web/backend/middleware/middleware.go:64","message":"GET /api/gateway/status 200 21.344615ms"}
{"level":"debug","component":"http","time":"2026-06-30T06:44:28Z","caller":"/workspaces/picoclaw/web/backend/middleware/middleware.go:64","message":"GET /api/gateway/status 200 24.034427ms"}
{"level":"debug","component":"http","time":"2026-06-30T06:44:31Z","caller":"/workspaces/picoclaw/web/backend/middleware/middleware.go:64","message":"GET /api/gateway/status 200 22.361549ms"}
{"level":"debug","component":"http","time":"2026-06-30T06:44:35Z","caller":"/workspaces/picoclaw/web/backend/middleware/middleware.go:64","message":"GET /api/gateway/status 200 83.789578ms"}
{"level":"debug","component":"http","time":"2026-06-30T06:44:37Z","caller":"/workspaces/picoclaw/web/backend/middleware/middleware.go:64","message":"GET /api/gateway/status 200 23.257027ms"}
{"level":"debug","component":"http","time":"2026-06-30T06:44:40Z","caller":"/workspaces/picoclaw/web/backend/middleware/middleware.go:64","message":"GET /api/gateway/status 200 23.736256ms"}
{"level":"debug","component":"http","time":"2026-06-30T06:44:43Z","caller":"/workspaces/picoclaw/web/backend/middleware/middleware.go:64","message":"GET /api/gateway/status 200 19.336134ms"}
{"level":"debug","component":"http","time":"2026-06-30T06:44:46Z","caller":"/workspaces/picoclaw/web/backend/middleware/middleware.go:64","message":"GET /api/gateway/status 200 20.744634ms"}
{"level":"debug","component":"http","time":"2026-06-30T06:44:49Z","caller":"/workspaces/picoclaw/web/backend/middleware/middleware.go:64","message":"GET /api/gateway/status 200 18.754391ms"}
{"level":"debug","component":"http","time":"2026-06-30T06:44:52Z","caller":"/workspaces/picoclaw/web/backend/middleware/middleware.go:64","message":"GET /api/gateway/status 200 21.084105ms"}
{"level":"debug","component":"http","time":"2026-06-30T06:44:55Z","caller":"/workspaces/picoclaw/web/backend/middleware/middleware.go:64","message":"GET /api/gateway/status 200 19.181879ms"}
{"level":"debug","component":"http","time":"2026-06-30T06:44:58Z","caller":"/workspaces/picoclaw/web/backend/middleware/middleware.go:64","message":"GET /api/gateway/status 200 17.511443ms"}
{"level":"debug","component":"http","time":"2026-06-30T06:45:02Z","caller":"/workspaces/picoclaw/web/backend/middleware/middleware.go:64","message":"GET /api/gateway/status 200 19.76714ms"}
{"level":"debug","component":"http","time":"2026-06-30T06:45:05Z","caller":"/workspaces/picoclaw/web/backend/middleware/middleware.go:64","message":"GET /api/gateway/status 200 23.447513ms"}
{"level":"debug","component":"http","time":"2026-06-30T06:45:07Z","caller":"/workspaces/picoclaw/web/backend/middleware/middleware.go:64","message":"GET /api/gateway/status 200 31.254848ms"}
{"level":"debug","component":"http","time":"2026-06-30T06:45:10Z","caller":"/workspaces/picoclaw/web/backend/middleware/middleware.go:64","message":"GET /api/gateway/status 200 24.597721ms"}
{"level":"debug","component":"http","time":"2026-06-30T06:45:13Z","caller":"/workspaces/picoclaw/web/backend/middleware/middleware.go:64","message":"GET /api/gateway/status 200 33.267244ms"}
{"level":"debug","component":"http","time":"2026-06-30T06:45:16Z","caller":"/workspaces/picoclaw/web/backend/middleware/middleware.go:64","message":"GET /api/gateway/status 200 19.485768ms"}
{"level":"debug","component":"http","time":"2026-06-30T06:45:19Z","caller":"/workspaces/picoclaw/web/backend/middleware/middleware.go:64","message":"GET /api/gateway/status 200 18.20102ms"}
{"level":"debug","component":"http","time":"2026-06-30T06:45:22Z","caller":"/workspaces/picoclaw/web/backend/middleware/middleware.go:64","message":"GET /api/gateway/status 200 19.441153ms"}
{"level":"debug","component":"http","time":"2026-06-30T06:45:25Z","caller":"/workspaces/picoclaw/web/backend/middleware/middleware.go:64","message":"GET /api/gateway/status 200 37.230594ms"}
{"level":"debug","component":"http","time":"2026-06-30T06:45:28Z","caller":"/workspaces/picoclaw/web/backend/middleware/middleware.go:64","message":"GET /api/gateway/status 200 20.97192ms"}
{"level":"debug","component":"http","time":"2026-06-30T06:45:31Z","caller":"/workspaces/picoclaw/web/backend/middleware/middleware.go:64","message":"GET /api/gateway/status 200 19.455246ms"}
{"level":"debug","component":"http","time":"2026-06-30T06:45:35Z","caller":"/workspaces/picoclaw/web/backend/middleware/middleware.go:64","message":"GET /api/gateway/status 200 24.501531ms"}
{"level":"debug","component":"http","time":"2026-06-30T06:45:37Z","caller":"/workspaces/picoclaw/web/backend/middleware/middleware.go:64","message":"GET /api/gateway/status 200 27.465492ms"}
{"level":"debug","component":"http","time":"2026-06-30T06:45:40Z","caller":"/workspaces/picoclaw/web/backend/middleware/middleware.go:64","message":"GET /api/gateway/status 200 43.122283ms"}
{"level":"debug","component":"http","time":"2026-06-30T06:45:43Z","caller":"/workspaces/picoclaw/web/backend/middleware/middleware.go:64","message":"GET /api/gateway/status 200 28.840487ms"}
{"level":"debug","component":"http","time":"2026-06-30T06:45:46Z","caller":"/workspaces/picoclaw/web/backend/middleware/middleware.go:64","message":"GET /api/gateway/status 200 20.779416ms"}
{"level":"debug","component":"http","time":"2026-06-30T06:45:49Z","caller":"/workspaces/picoclaw/web/backend/middleware/middleware.go:64","message":"GET /api/gateway/status 200 18.719436ms"}
{"level":"debug","component":"http","time":"2026-06-30T06:45:52Z","caller":"/workspaces/picoclaw/web/backend/middleware/middleware.go:64","message":"GET /api/gateway/status 200 17.533467ms"}
{"level":"debug","component":"http","time":"2026-06-30T06:45:55Z","caller":"/workspaces/picoclaw/web/backend/middleware/middleware.go:64","message":"GET /api/gateway/status 200 21.780348ms"}
{"level":"debug","component":"http","time":"2026-06-30T06:45:58Z","caller":"/workspaces/picoclaw/web/backend/middleware/middleware.go:64","message":"GET /api/gateway/status 200 18.269727ms"}
{"level":"debug","component":"http","time":"2026-06-30T06:46:01Z","caller":"/workspaces/picoclaw/web/backend/middleware/middleware.go:64","message":"GET /api/gateway/status 200 22.962961ms"}
{"level":"debug","component":"http","time":"2026-06-30T06:46:05Z","caller":"/workspaces/picoclaw/web/backend/middleware/middleware.go:64","message":"GET /api/gateway/status 200 24.177387ms"}
{"level":"debug","component":"http","time":"2026-06-30T06:46:07Z","caller":"/workspaces/picoclaw/web/backend/middleware/middleware.go:64","message":"GET /api/gateway/status 200 23.6755ms"}
{"level":"debug","component":"http","time":"2026-06-30T06:46:10Z","caller":"/workspaces/picoclaw/web/backend/middleware/middleware.go:64","message":"GET /api/gateway/status 200 18.707927ms"}
{"level":"debug","component":"http","time":"2026-06-30T06:46:13Z","caller":"/workspaces/picoclaw/web/backend/middleware/middleware.go:64","message":"GET /api/gateway/status 200 18.682905ms"}
{"level":"debug","component":"http","time":"2026-06-30T06:46:16Z","caller":"/workspaces/picoclaw/web/backend/middleware/middleware.go:64","message":"GET /api/gateway/status 200 29.685571ms"}
{"level":"debug","component":"http","time":"2026-06-30T06:46:19Z","caller":"/workspaces/picoclaw/web/backend/middleware/middleware.go:64","message":"GET /api/gateway/status 200 19.301254ms"}
{"level":"debug","component":"http","time":"2026-06-30T06:46:22Z","caller":"/workspaces/picoclaw/web/backend/middleware/middleware.go:64","message":"GET /api/gateway/status 200 19.666841ms"}
{"level":"debug","component":"http","time":"2026-06-30T06:46:25Z","caller":"/workspaces/picoclaw/web/backend/middleware/middleware.go:64","message":"GET /api/gateway/status 200 20.013016ms"}
{"level":"debug","component":"http","time":"2026-06-30T06:46:28Z","caller":"/workspaces/picoclaw/web/backend/middleware/middleware.go:64","message":"GET /api/gateway/status 200 17.831742ms"}
{"level":"debug","component":"http","time":"2026-06-30T06:46:31Z","caller":"/workspaces/picoclaw/web/backend/middleware/middleware.go:64","message":"GET /api/gateway/status 200 20.682569ms"}
{"level":"debug","component":"http","time":"2026-06-30T06:46:35Z","caller":"/workspaces/picoclaw/web/backend/middleware/middleware.go:64","message":"GET /api/gateway/status 200 28.572427ms"}
{"level":"debug","component":"http","time":"2026-06-30T06:46:37Z","caller":"/workspaces/picoclaw/web/backend/middleware/middleware.go:64","message":"GET /api/gateway/status 200 23.255127ms"}
{"level":"debug","component":"http","time":"2026-06-30T06:46:40Z","caller":"/workspaces/picoclaw/web/backend/middleware/middleware.go:64","message":"GET /api/gateway/status 200 17.693365ms"}
{"level":"debug","component":"http","time":"2026-06-30T06:46:43Z","caller":"/workspaces/picoclaw/web/backend/middleware/middleware.go:64","message":"GET /api/gateway/status 200 19.476198ms"}
{"level":"debug","component":"http","time":"2026-06-30T06:46:46Z","caller":"/workspaces/picoclaw/web/backend/middleware/middleware.go:64","message":"GET /api/gateway/status 200 22.873735ms"}
{"level":"debug","component":"http","time":"2026-06-30T06:46:49Z","caller":"/workspaces/picoclaw/web/backend/middleware/middleware.go:64","message":"GET /api/gateway/status 200 39.4374ms"}
{"level":"debug","component":"http","time":"2026-06-30T06:46:52Z","caller":"/workspaces/picoclaw/web/backend/middleware/middleware.go:64","message":"GET /api/gateway/status 200 27.479956ms"}
{"level":"debug","component":"http","time":"2026-06-30T06:46:55Z","caller":"/workspaces/picoclaw/web/backend/middleware/middleware.go:64","message":"GET /api/gateway/status 200 18.216919ms"}
{"level":"debug","component":"http","time":"2026-06-30T06:46:58Z","caller":"/workspaces/picoclaw/web/backend/middleware/middleware.go:64","message":"GET /api/gateway/status 200 20.841456ms"}
{"level":"debug","component":"http","time":"2026-06-30T06:47:02Z","caller":"/workspaces/picoclaw/web/backend/middleware/middleware.go:64","message":"GET /api/gateway/status 200 55.446078ms"}
{"level":"debug","component":"http","time":"2026-06-30T06:47:05Z","caller":"/workspaces/picoclaw/web/backend/middleware/middleware.go:64","message":"GET /api/gateway/status 200 21.97415ms"}
{"level":"debug","component":"http","time":"2026-06-30T06:47:08Z","caller":"/workspaces/picoclaw/web/backend/middleware/middleware.go:64","message":"GET /api/gateway/status 200 58.097158ms"}
{"level":"debug","component":"http","time":"2026-06-30T06:47:10Z","caller":"/workspaces/picoclaw/web/backend/middleware/middleware.go:64","message":"GET /api/gateway/status 200 21.953218ms"}
{"level":"debug","component":"http","time":"2026-06-30T06:47:13Z","caller":"/workspaces/picoclaw/web/backend/middleware/middleware.go:64","message":"GET /api/gateway/status 200 20.491571ms"}
{"level":"debug","component":"http","time":"2026-06-30T06:47:16Z","caller":"/workspaces/picoclaw/web/backend/middleware/middleware.go:64","message":"GET /api/gateway/status 200 19.50433ms"}
{"level":"debug","component":"http","time":"2026-06-30T06:47:19Z","caller":"/workspaces/picoclaw/web/backend/middleware/middleware.go:64","message":"GET /api/gateway/status 200 20.573174ms"}
{"level":"debug","component":"http","time":"2026-06-30T06:47:22Z","caller":"/workspaces/picoclaw/web/backend/middleware/middleware.go:64","message":"GET /api/gateway/status 200 20.903748ms"}
{"level":"debug","component":"http","time":"2026-06-30T06:47:25Z","caller":"/workspaces/picoclaw/web/backend/middleware/middleware.go:64","message":"GET /api/gateway/status 200 19.645583ms"}
{"level":"debug","component":"http","time":"2026-06-30T06:47:28Z","caller":"/workspaces/picoclaw/web/backend/middleware/middleware.go:64","message":"GET /api/gateway/status 200 19.76819ms"}
{"level":"debug","component":"http","time":"2026-06-30T06:47:31Z","caller":"/workspaces/picoclaw/web/backend/middleware/middleware.go:64","message":"GET /api/gateway/status 200 20.633607ms"}
{"level":"debug","component":"http","time":"2026-06-30T06:47:35Z","caller":"/workspaces/picoclaw/web/backend/middleware/middleware.go:64","message":"GET /api/gateway/status 200 24.595214ms"}
{"level":"debug","component":"http","time":"2026-06-30T06:47:37Z","caller":"/workspaces/picoclaw/web/backend/middleware/middleware.go:64","message":"GET /api/gateway/status 200 28.007674ms"}
{"level":"debug","component":"http","time":"2026-06-30T06:47:40Z","caller":"/workspaces/picoclaw/web/backend/middleware/middleware.go:64","message":"GET /api/gateway/status 200 40.157233ms"}
{"level":"debug","component":"http","time":"2026-06-30T06:47:44Z","caller":"/workspaces/picoclaw/web/backend/middleware/middleware.go:64","message":"GET /api/gateway/status 200 56.81823ms"}
{"level":"debug","component":"http","time":"2026-06-30T06:47:46Z","caller":"/workspaces/picoclaw/web/backend/middleware/middleware.go:64","message":"GET /api/gateway/status 200 21.759357ms"}
{"level":"debug","component":"http","time":"2026-06-30T06:47:49Z","caller":"/workspaces/picoclaw/web/backend/middleware/middleware.go:64","message":"GET /api/gateway/status 200 21.076555ms"}
{"level":"debug","component":"http","time":"2026-06-30T06:47:52Z","caller":"/workspaces/picoclaw/web/backend/middleware/middleware.go:64","message":"GET /api/gateway/status 200 22.21124ms"}
{"level":"debug","component":"http","time":"2026-06-30T06:47:55Z","caller":"/workspaces/picoclaw/web/backend/middleware/middleware.go:64","message":"GET /api/gateway/status 200 26.177006ms"}
{"level":"debug","component":"http","time":"2026-06-30T06:47:58Z","caller":"/workspaces/picoclaw/web/backend/middleware/middleware.go:64","message":"GET /api/gateway/status 200 53.74088ms"}
{"level":"debug","component":"http","time":"2026-06-30T06:48:01Z","caller":"/workspaces/picoclaw/web/backend/middleware/middleware.go:64","message":"GET /api/gateway/status 200 22.478237ms"}
{"level":"debug","component":"http","time":"2026-06-30T06:48:05Z","caller":"/workspaces/picoclaw/web/backend/middleware/middleware.go:64","message":"GET /api/gateway/status 200 27.943344ms"}
{"level":"debug","component":"http","time":"2026-06-30T06:48:07Z","caller":"/workspaces/picoclaw/web/backend/middleware/middleware.go:64","message":"GET /api/gateway/status 200 21.527464ms"}
{"level":"debug","component":"http","time":"2026-06-30T06:48:10Z","caller":"/workspaces/picoclaw/web/backend/middleware/middleware.go:64","message":"GET /api/gateway/status 200 20.655504ms"}
{"level":"debug","component":"http","time":"2026-06-30T06:48:13Z","caller":"/workspaces/picoclaw/web/backend/middleware/middleware.go:64","message":"GET /api/gateway/status 200 28.232027ms"}
{"level":"debug","component":"http","time":"2026-06-30T06:48:16Z","caller":"/workspaces/picoclaw/web/backend/middleware/middleware.go:64","message":"GET /api/gateway/status 200 19.621445ms"}
{"level":"debug","component":"http","time":"2026-06-30T06:48:20Z","caller":"/workspaces/picoclaw/web/backend/middleware/middleware.go:64","message":"GET /api/gateway/status 200 71.360915ms"}
{"level":"debug","component":"http","time":"2026-06-30T06:48:22Z","caller":"/workspaces/picoclaw/web/backend/middleware/middleware.go:64","message":"GET /api/gateway/status 200 19.362349ms"}
{"level":"debug","component":"http","time":"2026-06-30T06:48:25Z","caller":"/workspaces/picoclaw/web/backend/middleware/middleware.go:64","message":"GET /api/gateway/status 200 23.167259ms"}
{"level":"debug","component":"http","time":"2026-06-30T06:48:28Z","caller":"/workspaces/picoclaw/web/backend/middleware/middleware.go:64","message":"GET /api/gateway/status 200 22.856516ms"}
{"level":"debug","component":"http","time":"2026-06-30T06:48:31Z","caller":"/workspaces/picoclaw/web/backend/middleware/middleware.go:64","message":"GET /api/gateway/status 200 27.154141ms"}
{"level":"debug","component":"http","time":"2026-06-30T06:48:34Z","caller":"/workspaces/picoclaw/web/backend/middleware/middleware.go:64","message":"GET /api/gateway/status 200 46.865014ms"}
{"level":"debug","component":"http","time":"2026-06-30T06:48:38Z","caller":"/workspaces/picoclaw/web/backend/middleware/middleware.go:64","message":"GET /api/gateway/status 200 25.954401ms"}
{"level":"debug","component":"http","time":"2026-06-30T06:48:40Z","caller":"/workspaces/picoclaw/web/backend/middleware/middleware.go:64","message":"GET /api/gateway/status 200 23.544376ms"}
{"level":"debug","component":"http","time":"2026-06-30T06:48:43Z","caller":"/workspaces/picoclaw/web/backend/middleware/middleware.go:64","message":"GET /api/gateway/status 200 25.952371ms"}
{"level":"debug","component":"http","time":"2026-06-30T06:48:46Z","caller":"/workspaces/picoclaw/web/backend/middleware/middleware.go:64","message":"GET /api/gateway/status 200 19.564756ms"}
{"level":"debug","component":"http","time":"2026-06-30T06:48:49Z","caller":"/workspaces/picoclaw/web/backend/middleware/middleware.go:64","message":"GET /api/gateway/status 200 52.298198ms"}
{"level":"debug","component":"http","time":"2026-06-30T06:48:52Z","caller":"/workspaces/picoclaw/web/backend/middleware/middleware.go:64","message":"GET /api/gateway/status 200 26.523233ms"}
{"level":"debug","component":"http","time":"2026-06-30T06:48:55Z","caller":"/workspaces/picoclaw/web/backend/middleware/middleware.go:64","message":"GET /api/gateway/status 200 20.684101ms"}
{"level":"debug","component":"http","time":"2026-06-30T06:48:58Z","caller":"/workspaces/picoclaw/web/backend/middleware/middleware.go:64","message":"GET /api/gateway/status 200 31.623267ms"}
{"level":"debug","component":"http","time":"2026-06-30T06:49:01Z","caller":"/workspaces/picoclaw/web/backend/middleware/middleware.go:64","message":"GET /api/gateway/status 200 21.88447ms"}
{"level":"debug","component":"http","time":"2026-06-30T06:49:04Z","caller":"/workspaces/picoclaw/web/backend/middleware/middleware.go:64","message":"GET /api/gateway/status 200 20.192013ms"}
{"level":"debug","component":"http","time":"2026-06-30T06:49:08Z","caller":"/workspaces/picoclaw/web/backend/middleware/middleware.go:64","message":"GET /api/gateway/status 200 23.869072ms"}
{"level":"debug","component":"http","time":"2026-06-30T06:49:10Z","caller":"/workspaces/picoclaw/web/backend/middleware/middleware.go:64","message":"GET /api/gateway/status 200 21.794482ms"}
{"level":"debug","component":"http","time":"2026-06-30T06:49:13Z","caller":"/workspaces/picoclaw/web/backend/middleware/middleware.go:64","message":"GET /api/gateway/status 200 22.019952ms"}
{"level":"debug","component":"http","time":"2026-06-30T06:49:16Z","caller":"/workspaces/picoclaw/web/backend/middleware/middleware.go:64","message":"GET /api/gateway/status 200 21.173133ms"}
{"level":"debug","component":"http","time":"2026-06-30T06:49:19Z","caller":"/workspaces/picoclaw/web/backend/middleware/middleware.go:64","message":"GET /api/gateway/status 200 20.078972ms"}
{"level":"debug","component":"http","time":"2026-06-30T06:49:22Z","caller":"/workspaces/picoclaw/web/backend/middleware/middleware.go:64","message":"GET /api/gateway/status 200 20.571568ms"}
{"level":"debug","component":"http","time":"2026-06-30T06:49:25Z","caller":"/workspaces/picoclaw/web/backend/middleware/middleware.go:64","message":"GET /api/gateway/status 200 40.829267ms"}
{"level":"debug","component":"http","time":"2026-06-30T06:49:28Z","caller":"/workspaces/picoclaw/web/backend/middleware/middleware.go:64","message":"GET /api/gateway/status 200 19.420777ms"}
{"level":"debug","component":"http","time":"2026-06-30T06:49:31Z","caller":"/workspaces/picoclaw/web/backend/middleware/middleware.go:64","message":"GET /api/gateway/status 200 19.45591ms"}
{"level":"debug","component":"http","time":"2026-06-30T06:49:34Z","caller":"/workspaces/picoclaw/web/backend/middleware/middleware.go:64","message":"GET /api/gateway/status 200 20.495462ms"}
{"level":"debug","component":"http","time":"2026-06-30T06:49:38Z","caller":"/workspaces/picoclaw/web/backend/middleware/middleware.go:64","message":"GET /api/gateway/status 200 34.176107ms"}
{"level":"debug","component":"http","time":"2026-06-30T06:49:41Z","caller":"/workspaces/picoclaw/web/backend/middleware/middleware.go:64","message":"GET /api/gateway/status 200 57.328695ms"}
{"level":"debug","component":"http","time":"2026-06-30T06:49:43Z","caller":"/workspaces/picoclaw/web/backend/middleware/middleware.go:64","message":"GET /api/gateway/status 200 18.533777ms"}
{"level":"debug","component":"http","time":"2026-06-30T06:49:46Z","caller":"/workspaces/picoclaw/web/backend/middleware/middleware.go:64","message":"GET /api/gateway/status 200 20.566551ms"}
{"level":"debug","component":"http","time":"2026-06-30T06:49:49Z","caller":"/workspaces/picoclaw/web/backend/middleware/middleware.go:64","message":"GET /api/gateway/status 200 20.001527ms"}
{"level":"debug","component":"http","time":"2026-06-30T06:49:52Z","caller":"/workspaces/picoclaw/web/backend/middleware/middleware.go:64","message":"GET /api/gateway/status 200 21.740141ms"}
{"level":"debug","component":"http","time":"2026-06-30T06:49:55Z","caller":"/workspaces/picoclaw/web/backend/middleware/middleware.go:64","message":"GET /api/gateway/status 200 21.660973ms"}
{"level":"debug","component":"http","time":"2026-06-30T06:49:57Z","caller":"/workspaces/picoclaw/web/backend/middleware/middleware.go:64","message":"GET /api/gateway/status 200 20.331235ms"}
{"level":"debug","component":"http","time":"2026-06-30T06:50:00Z","caller":"/workspaces/picoclaw/web/backend/middleware/middleware.go:64","message":"GET /api/gateway/status 200 27.910637ms"}
{"level":"debug","component":"http","time":"2026-06-30T06:50:02Z","caller":"/workspaces/picoclaw/web/backend/middleware/middleware.go:64","message":"GET /api/gateway/status 200 18.568995ms"}
{"level":"debug","component":"http","time":"2026-06-30T06:50:05Z","caller":"/workspaces/picoclaw/web/backend/middleware/middleware.go:64","message":"GET /api/gateway/status 200 24.44207ms"}
{"level":"debug","component":"http","time":"2026-06-30T06:50:09Z","caller":"/workspaces/picoclaw/web/backend/middleware/middleware.go:64","message":"GET /api/gateway/status 200 27.066859ms"}
{"level":"debug","component":"http","time":"2026-06-30T06:50:11Z","caller":"/workspaces/picoclaw/web/backend/middleware/middleware.go:64","message":"GET /api/gateway/status 200 39.591237ms"}
{"level":"debug","component":"http","time":"2026-06-30T06:50:14Z","caller":"/workspaces/picoclaw/web/backend/middleware/middleware.go:64","message":"GET /api/gateway/status 200 31.857028ms"}
{"level":"debug","component":"http","time":"2026-06-30T06:50:17Z","caller":"/workspaces/picoclaw/web/backend/middleware/middleware.go:64","message":"GET /api/gateway/status 200 21.167753ms"}
{"level":"debug","component":"http","time":"2026-06-30T06:50:20Z","caller":"/workspaces/picoclaw/web/backend/middleware/middleware.go:64","message":"GET /api/gateway/status 200 21.396657ms"}
{"level":"debug","component":"http","time":"2026-06-30T06:50:23Z","caller":"/workspaces/picoclaw/web/backend/middleware/middleware.go:64","message":"GET /api/gateway/status 200 20.048235ms"}
{"level":"debug","component":"http","time":"2026-06-30T06:50:26Z","caller":"/workspaces/picoclaw/web/backend/middleware/middleware.go:64","message":"GET /api/gateway/status 200 20.778467ms"}
{"level":"debug","component":"http","time":"2026-06-30T06:50:29Z","caller":"/workspaces/picoclaw/web/backend/middleware/middleware.go:64","message":"GET /api/gateway/status 200 17.75077ms"}
{"level":"debug","component":"http","time":"2026-06-30T06:50:33Z","caller":"/workspaces/picoclaw/web/backend/middleware/middleware.go:64","message":"GET /api/gateway/status 200 87.4699ms"}
{"level":"debug","component":"http","time":"2026-06-30T06:50:35Z","caller":"/workspaces/picoclaw/web/backend/middleware/middleware.go:64","message":"GET /api/gateway/status 200 19.694232ms"}
{"level":"debug","component":"http","time":"2026-06-30T06:50:39Z","caller":"/workspaces/picoclaw/web/backend/middleware/middleware.go:64","message":"GET /api/gateway/status 200 39.398708ms"}
{"level":"debug","component":"http","time":"2026-06-30T06:50:41Z","caller":"/workspaces/picoclaw/web/backend/middleware/middleware.go:64","message":"GET /api/gateway/status 200 22.750114ms"}
{"level":"debug","component":"http","time":"2026-06-30T06:50:44Z","caller":"/workspaces/picoclaw/web/backend/middleware/middleware.go:64","message":"GET /api/gateway/status 200 20.651522ms"}
{"level":"debug","component":"http","time":"2026-06-30T06:50:48Z","caller":"/workspaces/picoclaw/web/backend/middleware/middleware.go:64","message":"GET /api/gateway/status 200 89.33963ms"}
{"level":"debug","component":"http","time":"2026-06-30T06:50:50Z","caller":"/workspaces/picoclaw/web/backend/middleware/middleware.go:64","message":"GET /api/gateway/status 200 17.73451ms"}
{"level":"debug","component":"http","time":"2026-06-30T06:50:53Z","caller":"/workspaces/picoclaw/web/backend/middleware/middleware.go:64","message":"GET /api/gateway/status 200 19.963858ms"}
{"level":"debug","component":"http","time":"2026-06-30T06:50:56Z","caller":"/workspaces/picoclaw/web/backend/middleware/middleware.go:64","message":"GET /api/gateway/status 200 22.000327ms"}
{"level":"debug","component":"http","time":"2026-06-30T06:50:59Z","caller":"/workspaces/picoclaw/web/backend/middleware/middleware.go:64","message":"GET /api/gateway/status 200 19.19844ms"}
{"level":"debug","component":"http","time":"2026-06-30T06:51:02Z","caller":"/workspaces/picoclaw/web/backend/middleware/middleware.go:64","message":"GET /api/gateway/status 200 23.538177ms"}
{"level":"debug","component":"http","time":"2026-06-30T06:51:04Z","caller":"/workspaces/picoclaw/web/backend/middleware/middleware.go:64","message":"GET /api/gateway/status 200 23.802758ms"}
{"level":"debug","component":"http","time":"2026-06-30T06:51:07Z","caller":"/workspaces/picoclaw/web/backend/middleware/middleware.go:64","message":"GET /api/gateway/status 200 19.737302ms"}
{"level":"debug","component":"http","time":"2026-06-30T06:51:11Z","caller":"/workspaces/picoclaw/web/backend/middleware/middleware.go:64","message":"GET /api/gateway/status 200 27.580581ms"}
{"level":"debug","component":"http","time":"2026-06-30T06:51:13Z","caller":"/workspaces/picoclaw/web/backend/middleware/middleware.go:64","message":"GET /api/gateway/status 200 17.458251ms"}
{"level":"debug","component":"http","time":"2026-06-30T06:51:16Z","caller":"/workspaces/picoclaw/web/backend/middleware/middleware.go:64","message":"GET /api/gateway/status 200 24.733812ms"}
{"level":"debug","component":"http","time":"2026-06-30T06:51:19Z","caller":"/workspaces/picoclaw/web/backend/middleware/middleware.go:64","message":"GET /api/gateway/status 200 18.259672ms"}
{"level":"debug","component":"http","time":"2026-06-30T06:51:22Z","caller":"/workspaces/picoclaw/web/backend/middleware/middleware.go:64","message":"GET /api/gateway/status 200 24.487899ms"}
{"level":"debug","component":"http","time":"2026-06-30T06:51:25Z","caller":"/workspaces/picoclaw/web/backend/middleware/middleware.go:64","message":"GET /api/gateway/status 200 26.678392ms"}
{"level":"debug","component":"http","time":"2026-06-30T06:51:28Z","caller":"/workspaces/picoclaw/web/backend/middleware/middleware.go:64","message":"GET /api/gateway/status 200 19.052608ms"}
{"level":"debug","component":"http","time":"2026-06-30T06:51:31Z","caller":"/workspaces/picoclaw/web/backend/middleware/middleware.go:64","message":"GET /api/gateway/status 200 36.395857ms"}
{"level":"debug","component":"http","time":"2026-06-30T06:51:34Z","caller":"/workspaces/picoclaw/web/backend/middleware/middleware.go:64","message":"GET /api/gateway/status 200 25.284138ms"}
{"level":"debug","component":"http","time":"2026-06-30T06:51:37Z","caller":"/workspaces/picoclaw/web/backend/middleware/middleware.go:64","message":"GET /api/gateway/status 200 18.78214ms"}
{"level":"debug","component":"http","time":"2026-06-30T06:51:41Z","caller":"/workspaces/picoclaw/web/backend/middleware/middleware.go:64","message":"GET /api/gateway/status 200 23.706015ms"}
{"level":"debug","component":"http","time":"2026-06-30T06:51:43Z","caller":"/workspaces/picoclaw/web/backend/middleware/middleware.go:64","message":"GET /api/gateway/status 200 19.202377ms"}
{"level":"debug","component":"http","time":"2026-06-30T06:51:46Z","caller":"/workspaces/picoclaw/web/backend/middleware/middleware.go:64","message":"GET /api/gateway/status 200 19.505204ms"}
{"level":"debug","component":"http","time":"2026-06-30T06:51:49Z","caller":"/workspaces/picoclaw/web/backend/middleware/middleware.go:64","message":"GET /api/gateway/status 200 18.776763ms"}
{"level":"debug","component":"http","time":"2026-06-30T06:51:52Z","caller":"/workspaces/picoclaw/web/backend/middleware/middleware.go:64","message":"GET /api/gateway/status 200 23.184414ms"}
{"level":"debug","component":"http","time":"2026-06-30T06:51:55Z","caller":"/workspaces/picoclaw/web/backend/middleware/middleware.go:64","message":"GET /api/gateway/status 200 49.710451ms"}
{"level":"debug","component":"http","time":"2026-06-30T06:51:58Z","caller":"/workspaces/picoclaw/web/backend/middleware/middleware.go:64","message":"GET /api/gateway/status 200 28.102187ms"}
{"level":"debug","component":"http","time":"2026-06-30T06:52:01Z","caller":"/workspaces/picoclaw/web/backend/middleware/middleware.go:64","message":"GET /api/gateway/status 200 18.553544ms"}
{"level":"debug","component":"http","time":"2026-06-30T06:52:04Z","caller":"/workspaces/picoclaw/web/backend/middleware/middleware.go:64","message":"GET /api/gateway/status 200 19.967965ms"}
{"level":"debug","component":"http","time":"2026-06-30T06:52:07Z","caller":"/workspaces/picoclaw/web/backend/middleware/middleware.go:64","message":"GET /api/gateway/status 200 18.842809ms"}
{"level":"debug","component":"http","time":"2026-06-30T06:52:11Z","caller":"/workspaces/picoclaw/web/backend/middleware/middleware.go:64","message":"GET /api/gateway/status 200 23.997768ms"}
{"level":"debug","component":"http","time":"2026-06-30T06:52:13Z","caller":"/workspaces/picoclaw/web/backend/middleware/middleware.go:64","message":"GET /api/gateway/status 200 20.457142ms"}
{"level":"debug","component":"http","time":"2026-06-30T06:52:16Z","caller":"/workspaces/picoclaw/web/backend/middleware/middleware.go:64","message":"GET /api/gateway/status 200 19.469211ms"}
{"level":"debug","component":"http","time":"2026-06-30T06:52:20Z","caller":"/workspaces/picoclaw/web/backend/middleware/middleware.go:64","message":"GET /api/gateway/status 200 17.990544ms"}
{"level":"debug","component":"http","time":"2026-06-30T06:52:22Z","caller":"/workspaces/picoclaw/web/backend/middleware/middleware.go:64","message":"GET /api/gateway/status 200 21.934463ms"}
{"level":"debug","component":"http","time":"2026-06-30T06:52:25Z","caller":"/workspaces/picoclaw/web/backend/middleware/middleware.go:64","message":"GET /api/gateway/status 200 19.967685ms"}
{"level":"debug","component":"http","time":"2026-06-30T06:52:29Z","caller":"/workspaces/picoclaw/web/backend/middleware/middleware.go:64","message":"GET /api/gateway/status 200 53.107441ms"}
{"level":"debug","component":"http","time":"2026-06-30T06:52:31Z","caller":"/workspaces/picoclaw/web/backend/middleware/middleware.go:64","message":"GET /api/gateway/status 200 21.545117ms"}
{"level":"debug","component":"http","time":"2026-06-30T06:52:34Z","caller":"/workspaces/picoclaw/web/backend/middleware/middleware.go:64","message":"GET /api/gateway/status 200 20.42242ms"}
{"level":"debug","component":"http","time":"2026-06-30T06:52:37Z","caller":"/workspaces/picoclaw/web/backend/middleware/middleware.go:64","message":"GET /api/gateway/status 200 19.050076ms"}
{"level":"debug","component":"http","time":"2026-06-30T06:52:41Z","caller":"/workspaces/picoclaw/web/backend/middleware/middleware.go:64","message":"GET /api/gateway/status 200 21.969215ms"}
{"level":"debug","component":"http","time":"2026-06-30T06:52:43Z","caller":"/workspaces/picoclaw/web/backend/middleware/middleware.go:64","message":"GET /api/gateway/status 200 19.945056ms"}
{"level":"debug","component":"http","time":"2026-06-30T06:52:47Z","caller":"/workspaces/picoclaw/web/backend/middleware/middleware.go:64","message":"GET /api/gateway/status 200 54.995319ms"}
{"level":"debug","component":"http","time":"2026-06-30T06:52:49Z","caller":"/workspaces/picoclaw/web/backend/middleware/middleware.go:64","message":"GET /api/gateway/status 200 23.126868ms"}
{"level":"debug","component":"http","time":"2026-06-30T06:52:51Z","caller":"/workspaces/picoclaw/web/backend/middleware/middleware.go:64","message":"GET /api/gateway/status 200 59.697643ms"}
{"level":"debug","component":"http","time":"2026-06-30T06:52:54Z","caller":"/workspaces/picoclaw/web/backend/middleware/middleware.go:64","message":"GET /api/gateway/status 200 32.914613ms"}
{"level":"debug","component":"http","time":"2026-06-30T06:52:56Z","caller":"/workspaces/picoclaw/web/backend/middleware/middleware.go:64","message":"GET /api/gateway/status 200 19.513487ms"}
{"level":"debug","component":"http","time":"2026-06-30T06:52:58Z","caller":"/workspaces/picoclaw/web/backend/middleware/middleware.go:64","message":"GET /api/gateway/status 200 19.619021ms"}
{"level":"debug","component":"http","time":"2026-06-30T06:53:00Z","caller":"/workspaces/picoclaw/web/backend/middleware/middleware.go:64","message":"GET /api/gateway/status 200 29.745763ms"}
{"level":"debug","component":"http","time":"2026-06-30T06:53:02Z","caller":"/workspaces/picoclaw/web/backend/middleware/middleware.go:64","message":"GET /api/gateway/status 200 21.086193ms"}
{"level":"debug","component":"http","time":"2026-06-30T06:53:05Z","caller":"/workspaces/picoclaw/web/backend/middleware/middleware.go:64","message":"GET /api/gateway/status 200 20.089725ms"}
{"level":"debug","component":"http","time":"2026-06-30T06:53:08Z","caller":"/workspaces/picoclaw/web/backend/middleware/middleware.go:64","message":"GET /api/gateway/status 200 19.960548ms"}
{"level":"debug","component":"http","time":"2026-06-30T06:53:12Z","caller":"/workspaces/picoclaw/web/backend/middleware/middleware.go:64","message":"GET /api/gateway/status 200 24.519667ms"}
{"level":"debug","component":"http","time":"2026-06-30T06:53:14Z","caller":"/workspaces/picoclaw/web/backend/middleware/middleware.go:64","message":"GET /api/gateway/status 200 34.309004ms"}
{"level":"debug","component":"http","time":"2026-06-30T06:53:16Z","caller":"/workspaces/picoclaw/web/backend/middleware/middleware.go:64","message":"GET /api/gateway/status 200 22.646144ms"}
{"level":"debug","component":"http","time":"2026-06-30T06:53:18Z","caller":"/workspaces/picoclaw/web/backend/middleware/middleware.go:64","message":"GET /api/gateway/status 200 21.897144ms"}
{"level":"debug","component":"http","time":"2026-06-30T06:53:21Z","caller":"/workspaces/picoclaw/web/backend/middleware/middleware.go:64","message":"GET /api/gateway/status 200 23.802144ms"}
{"level":"debug","component":"http","time":"2026-06-30T06:53:24Z","caller":"/workspaces/picoclaw/web/backend/middleware/middleware.go:64","message":"GET /api/gateway/status 200 23.597365ms"}
{"level":"debug","component":"http","time":"2026-06-30T06:53:27Z","caller":"/workspaces/picoclaw/web/backend/middleware/middleware.go:64","message":"GET /api/gateway/status 200 45.683929ms"}
{"level":"debug","component":"http","time":"2026-06-30T06:53:30Z","caller":"/workspaces/picoclaw/web/backend/middleware/middleware.go:64","message":"GET /api/gateway/status 200 18.605714ms"}
{"level":"debug","component":"http","time":"2026-06-30T06:53:33Z","caller":"/workspaces/picoclaw/web/backend/middleware/middleware.go:64","message":"GET /api/gateway/status 200 21.661967ms"}
{"level":"debug","component":"http","time":"2026-06-30T06:53:36Z","caller":"/workspaces/picoclaw/web/backend/middleware/middleware.go:64","message":"GET /api/gateway/status 200 22.849209ms"}
{"level":"debug","component":"http","time":"2026-06-30T06:53:40Z","caller":"/workspaces/picoclaw/web/backend/middleware/middleware.go:64","message":"GET /api/gateway/status 200 23.32264ms"}
{"level":"debug","component":"http","time":"2026-06-30T06:53:43Z","caller":"/workspaces/picoclaw/web/backend/middleware/middleware.go:64","message":"GET /api/gateway/status 200 42.301315ms"}
{"level":"debug","component":"http","time":"2026-06-30T06:53:45Z","caller":"/workspaces/picoclaw/web/backend/middleware/middleware.go:64","message":"GET /api/gateway/status 200 19.60201ms"}
{"level":"debug","component":"http","time":"2026-06-30T06:53:48Z","caller":"/workspaces/picoclaw/web/backend/middleware/middleware.go:64","message":"GET /api/gateway/status 200 20.149273ms"}
{"level":"debug","component":"http","time":"2026-06-30T06:53:51Z","caller":"/workspaces/picoclaw/web/backend/middleware/middleware.go:64","message":"GET /api/gateway/status 200 18.463302ms"}
{"level":"debug","component":"http","time":"2026-06-30T06:53:54Z","caller":"/workspaces/picoclaw/web/backend/middleware/middleware.go:64","message":"GET /api/gateway/status 200 20.805727ms"}
{"level":"debug","component":"http","time":"2026-06-30T06:53:58Z","caller":"/workspaces/picoclaw/web/backend/middleware/middleware.go:64","message":"GET /api/gateway/status 200 94.312118ms"}
{"level":"debug","component":"http","time":"2026-06-30T06:54:00Z","caller":"/workspaces/picoclaw/web/backend/middleware/middleware.go:64","message":"GET /api/gateway/status 200 19.510111ms"}
{"level":"debug","component":"http","time":"2026-06-30T06:54:03Z","caller":"/workspaces/picoclaw/web/backend/middleware/middleware.go:64","message":"GET /api/gateway/status 200 19.924161ms"}
{"level":"debug","component":"http","time":"2026-06-30T06:54:06Z","caller":"/workspaces/picoclaw/web/backend/middleware/middleware.go:64","message":"GET /api/gateway/status 200 20.484972ms"}
{"level":"debug","component":"http","time":"2026-06-30T06:54:09Z","caller":"/workspaces/picoclaw/web/backend/middleware/middleware.go:64","message":"GET /api/gateway/status 200 17.854403ms"}
{"level":"debug","component":"http","time":"2026-06-30T06:54:13Z","caller":"/workspaces/picoclaw/web/backend/middleware/middleware.go:64","message":"GET /api/gateway/status 200 21.292593ms"}
{"level":"debug","component":"http","time":"2026-06-30T06:54:15Z","caller":"/workspaces/picoclaw/web/backend/middleware/middleware.go:64","message":"GET /api/gateway/status 200 20.45275ms"}
{"level":"debug","component":"http","time":"2026-06-30T06:54:17Z","caller":"/workspaces/picoclaw/web/backend/middleware/middleware.go:64","message":"GET /api/gateway/status 200 25.540188ms"}
{"level":"debug","component":"http","time":"2026-06-30T06:54:20Z","caller":"/workspaces/picoclaw/web/backend/middleware/middleware.go:64","message":"GET /api/gateway/status 200 19.280951ms"}
{"level":"debug","component":"http","time":"2026-06-30T06:54:23Z","caller":"/workspaces/picoclaw/web/backend/middleware/middleware.go:64","message":"GET /api/gateway/status 200 20.526717ms"}
{"level":"debug","component":"http","time":"2026-06-30T06:54:26Z","caller":"/workspaces/picoclaw/web/backend/middleware/middleware.go:64","message":"GET /api/gateway/status 200 19.943201ms"}
{"level":"debug","component":"http","time":"2026-06-30T06:54:29Z","caller":"/workspaces/picoclaw/web/backend/middleware/middleware.go:64","message":"GET /api/gateway/status 200 18.668143ms"}
{"level":"debug","component":"http","time":"2026-06-30T06:54:32Z","caller":"/workspaces/picoclaw/web/backend/middleware/middleware.go:64","message":"GET /api/gateway/status 200 18.97831ms"}
{"level":"debug","component":"http","time":"2026-06-30T06:54:35Z","caller":"/workspaces/picoclaw/web/backend/middleware/middleware.go:64","message":"GET /api/gateway/status 200 41.445338ms"}
{"level":"debug","component":"http","time":"2026-06-30T06:54:39Z","caller":"/workspaces/picoclaw/web/backend/middleware/middleware.go:64","message":"GET /api/gateway/status 200 61.756381ms"}
{"level":"debug","component":"http","time":"2026-06-30T06:54:41Z","caller":"/workspaces/picoclaw/web/backend/middleware/middleware.go:64","message":"GET /api/gateway/status 200 21.595053ms"}
{"level":"debug","component":"http","time":"2026-06-30T06:54:45Z","caller":"/workspaces/picoclaw/web/backend/middleware/middleware.go:64","message":"GET /api/gateway/status 200 22.548598ms"}
{"level":"debug","component":"http","time":"2026-06-30T06:54:47Z","caller":"/workspaces/picoclaw/web/backend/middleware/middleware.go:64","message":"GET /api/gateway/status 200 19.422476ms"}
{"level":"debug","component":"http","time":"2026-06-30T06:54:50Z","caller":"/workspaces/picoclaw/web/backend/middleware/middleware.go:64","message":"GET /api/gateway/status 200 20.970075ms"}
{"level":"debug","component":"http","time":"2026-06-30T06:54:53Z","caller":"/workspaces/picoclaw/web/backend/middleware/middleware.go:64","message":"GET /api/gateway/status 200 20.011369ms"}
{"level":"debug","component":"http","time":"2026-06-30T06:54:56Z","caller":"/workspaces/picoclaw/web/backend/middleware/middleware.go:64","message":"GET /api/gateway/status 200 21.626779ms"}
{"level":"debug","component":"http","time":"2026-06-30T06:54:59Z","caller":"/workspaces/picoclaw/web/backend/middleware/middleware.go:64","message":"GET /api/gateway/status 200 21.630976ms"}
{"level":"debug","component":"http","time":"2026-06-30T06:55:02Z","caller":"/workspaces/picoclaw/web/backend/middleware/middleware.go:64","message":"GET /api/gateway/status 200 33.092084ms"}
{"level":"debug","component":"http","time":"2026-06-30T06:55:05Z","caller":"/workspaces/picoclaw/web/backend/middleware/middleware.go:64","message":"GET /api/gateway/status 200 19.205861ms"}
{"level":"debug","component":"http","time":"2026-06-30T06:55:08Z","caller":"/workspaces/picoclaw/web/backend/middleware/middleware.go:64","message":"GET /api/gateway/status 200 19.285602ms"}
{"level":"debug","component":"http","time":"2026-06-30T06:55:11Z","caller":"/workspaces/picoclaw/web/backend/middleware/middleware.go:64","message":"GET /api/gateway/status 200 20.481904ms"}
{"level":"debug","component":"http","time":"2026-06-30T06:55:15Z","caller":"/workspaces/picoclaw/web/backend/middleware/middleware.go:64","message":"GET /api/gateway/status 200 20.876998ms"}
{"level":"debug","component":"http","time":"2026-06-30T06:55:17Z","caller":"/workspaces/picoclaw/web/backend/middleware/middleware.go:64","message":"GET /api/gateway/status 200 18.620181ms"}
{"level":"debug","component":"http","time":"2026-06-30T06:55:20Z","caller":"/workspaces/picoclaw/web/backend/middleware/middleware.go:64","message":"GET /api/gateway/status 200 28.704221ms"}
{"level":"debug","component":"http","time":"2026-06-30T06:55:23Z","caller":"/workspaces/picoclaw/web/backend/middleware/middleware.go:64","message":"GET /api/gateway/status 200 21.137877ms"}
{"level":"debug","component":"http","time":"2026-06-30T06:55:26Z","caller":"/workspaces/picoclaw/web/backend/middleware/middleware.go:64","message":"GET /api/gateway/status 200 19.763453ms"}
{"level":"debug","component":"http","time":"2026-06-30T06:55:29Z","caller":"/workspaces/picoclaw/web/backend/middleware/middleware.go:64","message":"GET /api/gateway/status 200 21.173844ms"}
{"level":"debug","component":"http","time":"2026-06-30T06:55:32Z","caller":"/workspaces/picoclaw/web/backend/middleware/middleware.go:64","message":"GET /api/gateway/status 200 17.895931ms"}
{"level":"debug","component":"http","time":"2026-06-30T06:55:35Z","caller":"/workspaces/picoclaw/web/backend/middleware/middleware.go:64","message":"GET /api/gateway/status 200 20.101965ms"}
{"level":"debug","component":"http","time":"2026-06-30T06:55:38Z","caller":"/workspaces/picoclaw/web/backend/middleware/middleware.go:64","message":"GET /api/gateway/status 200 21.713748ms"}
{"level":"debug","component":"http","time":"2026-06-30T06:55:41Z","caller":"/workspaces/picoclaw/web/backend/middleware/middleware.go:64","message":"GET /api/gateway/status 200 18.896316ms"}
{"level":"debug","component":"http","time":"2026-06-30T06:55:45Z","caller":"/workspaces/picoclaw/web/backend/middleware/middleware.go:64","message":"GET /api/gateway/status 200 18.553539ms"}
{"level":"debug","component":"http","time":"2026-06-30T06:55:47Z","caller":"/workspaces/picoclaw/web/backend/middleware/middleware.go:64","message":"GET /api/gateway/status 200 19.976992ms"}
{"level":"debug","component":"http","time":"2026-06-30T06:55:51Z","caller":"/workspaces/picoclaw/web/backend/middleware/middleware.go:64","message":"GET /api/gateway/status 200 40.436006ms"}
{"level":"debug","component":"http","time":"2026-06-30T06:55:53Z","caller":"/workspaces/picoclaw/web/backend/middleware/middleware.go:64","message":"GET /api/gateway/status 200 19.406227ms"}
{"level":"debug","component":"http","time":"2026-06-30T06:55:56Z","caller":"/workspaces/picoclaw/web/backend/middleware/middleware.go:64","message":"GET /api/gateway/status 200 20.794928ms"}
{"level":"debug","component":"http","time":"2026-06-30T06:55:58Z","caller":"/workspaces/picoclaw/web/backend/middleware/middleware.go:64","message":"GET /api/gateway/status 200 20.670068ms"}
{"level":"debug","component":"http","time":"2026-06-30T06:56:00Z","caller":"/workspaces/picoclaw/web/backend/middleware/middleware.go:64","message":"GET /api/gateway/status 200 32.448554ms"}
{"level":"debug","component":"http","time":"2026-06-30T06:56:03Z","caller":"/workspaces/picoclaw/web/backend/middleware/middleware.go:64","message":"GET /api/gateway/status 200 47.830453ms"}
{"level":"debug","component":"http","time":"2026-06-30T06:56:06Z","caller":"/workspaces/picoclaw/web/backend/middleware/middleware.go:64","message":"GET /api/gateway/status 200 18.784638ms"}
{"level":"debug","component":"http","time":"2026-06-30T06:56:09Z","caller":"/workspaces/picoclaw/web/backend/middleware/middleware.go:64","message":"GET /api/gateway/status 200 20.097133ms"}
{"level":"debug","component":"http","time":"2026-06-30T06:56:12Z","caller":"/workspaces/picoclaw/web/backend/middleware/middleware.go:64","message":"GET /api/gateway/status 200 20.191228ms"}
{"level":"debug","component":"http","time":"2026-06-30T06:56:16Z","caller":"/workspaces/picoclaw/web/backend/middleware/middleware.go:64","message":"GET /api/gateway/status 200 26.925945ms"}
{"level":"debug","component":"http","time":"2026-06-30T06:56:18Z","caller":"/workspaces/picoclaw/web/backend/middleware/middleware.go:64","message":"GET /api/gateway/status 200 38.992671ms"}
{"level":"debug","component":"http","time":"2026-06-30T06:56:21Z","caller":"/workspaces/picoclaw/web/backend/middleware/middleware.go:64","message":"GET /api/gateway/status 200 34.49572ms"}
{"level":"debug","component":"http","time":"2026-06-30T06:56:24Z","caller":"/workspaces/picoclaw/web/backend/middleware/middleware.go:64","message":"GET /api/gateway/status 200 28.438958ms"}
{"level":"debug","component":"http","time":"2026-06-30T06:56:27Z","caller":"/workspaces/picoclaw/web/backend/middleware/middleware.go:64","message":"GET /api/gateway/status 200 24.196024ms"}
{"level":"debug","component":"http","time":"2026-06-30T06:56:30Z","caller":"/workspaces/picoclaw/web/backend/middleware/middleware.go:64","message":"GET /api/gateway/status 200 19.566206ms"}
{"level":"debug","component":"http","time":"2026-06-30T06:56:33Z","caller":"/workspaces/picoclaw/web/backend/middleware/middleware.go:64","message":"GET /api/gateway/status 200 22.081207ms"}
{"level":"debug","component":"http","time":"2026-06-30T06:56:36Z","caller":"/workspaces/picoclaw/web/backend/middleware/middleware.go:64","message":"GET /api/gateway/status 200 19.202437ms"}
{"level":"debug","component":"http","time":"2026-06-30T06:56:39Z","caller":"/workspaces/picoclaw/web/backend/middleware/middleware.go:64","message":"GET /api/gateway/status 200 20.92104ms"}
{"level":"debug","component":"http","time":"2026-06-30T06:56:42Z","caller":"/workspaces/picoclaw/web/backend/middleware/middleware.go:64","message":"GET /api/gateway/status 200 30.232911ms"}
{"level":"debug","component":"http","time":"2026-06-30T06:56:46Z","caller":"/workspaces/picoclaw/web/backend/middleware/middleware.go:64","message":"GET /api/gateway/status 200 22.964644ms"}
{"level":"debug","component":"http","time":"2026-06-30T06:56:48Z","caller":"/workspaces/picoclaw/web/backend/middleware/middleware.go:64","message":"GET /api/gateway/status 200 21.863621ms"}
{"level":"debug","component":"http","time":"2026-06-30T06:56:51Z","caller":"/workspaces/picoclaw/web/backend/middleware/middleware.go:64","message":"GET /api/gateway/status 200 35.383558ms"}
{"level":"debug","component":"http","time":"2026-06-30T06:56:54Z","caller":"/workspaces/picoclaw/web/backend/middleware/middleware.go:64","message":"GET /api/gateway/status 200 20.441421ms"}
{"level":"debug","component":"http","time":"2026-06-30T06:56:58Z","caller":"/workspaces/picoclaw/web/backend/middleware/middleware.go:64","message":"GET /api/gateway/status 200 27.097333ms"}
{"level":"debug","component":"http","time":"2026-06-30T06:57:01Z","caller":"/workspaces/picoclaw/web/backend/middleware/middleware.go:64","message":"GET /api/gateway/status 200 20.951831ms"}
{"level":"debug","component":"http","time":"2026-06-30T06:57:03Z","caller":"/workspaces/picoclaw/web/backend/middleware/middleware.go:64","message":"GET /api/gateway/status 200 18.074172ms"}
{"level":"debug","component":"http","time":"2026-06-30T06:57:06Z","caller":"/workspaces/picoclaw/web/backend/middleware/middleware.go:64","message":"GET /api/gateway/status 200 19.891094ms"}
{"level":"debug","component":"http","time":"2026-06-30T06:57:10Z","caller":"/workspaces/picoclaw/web/backend/middleware/middleware.go:64","message":"GET /api/gateway/status 200 57.727696ms"}
{"level":"debug","component":"http","time":"2026-06-30T06:57:13Z","caller":"/workspaces/picoclaw/web/backend/middleware/middleware.go:64","message":"GET /api/gateway/status 200 26.881932ms"}
{"level":"debug","component":"http","time":"2026-06-30T06:57:16Z","caller":"/workspaces/picoclaw/web/backend/middleware/middleware.go:64","message":"GET /api/gateway/status 200 24.932928ms"}
{"level":"debug","component":"http","time":"2026-06-30T06:57:18Z","caller":"/workspaces/picoclaw/web/backend/middleware/middleware.go:64","message":"GET /api/gateway/status 200 17.746922ms"}
{"level":"debug","component":"http","time":"2026-06-30T06:57:21Z","caller":"/workspaces/picoclaw/web/backend/middleware/middleware.go:64","message":"GET /api/gateway/status 200 19.959747ms"}
{"level":"debug","component":"http","time":"2026-06-30T06:57:24Z","caller":"/workspaces/picoclaw/web/backend/middleware/middleware.go:64","message":"GET /api/gateway/status 200 19.78815ms"}
{"level":"debug","component":"http","time":"2026-06-30T06:57:27Z","caller":"/workspaces/picoclaw/web/backend/middleware/middleware.go:64","message":"GET /api/gateway/status 200 21.085499ms"}
{"level":"debug","component":"http","time":"2026-06-30T06:57:31Z","caller":"/workspaces/picoclaw/web/backend/middleware/middleware.go:64","message":"GET /api/gateway/status 200 42.215122ms"}
{"level":"debug","component":"http","time":"2026-06-30T06:57:33Z","caller":"/workspaces/picoclaw/web/backend/middleware/middleware.go:64","message":"GET /api/gateway/status 200 21.504691ms"}
{"level":"debug","component":"http","time":"2026-06-30T06:57:36Z","caller":"/workspaces/picoclaw/web/backend/middleware/middleware.go:64","message":"GET /api/gateway/status 200 18.274426ms"}
{"level":"debug","component":"http","time":"2026-06-30T06:57:39Z","caller":"/workspaces/picoclaw/web/backend/middleware/middleware.go:64","message":"GET /api/gateway/status 200 20.395233ms"}
{"level":"debug","component":"http","time":"2026-06-30T06:57:42Z","caller":"/workspaces/picoclaw/web/backend/middleware/middleware.go:64","message":"GET /api/gateway/status 200 31.791589ms"}
{"level":"debug","component":"http","time":"2026-06-30T06:57:46Z","caller":"/workspaces/picoclaw/web/backend/middleware/middleware.go:64","message":"GET /api/gateway/status 200 19.458304ms"}
{"level":"debug","component":"http","time":"2026-06-30T06:57:48Z","caller":"/workspaces/picoclaw/web/backend/middleware/middleware.go:64","message":"GET /api/gateway/status 200 19.850196ms"}
{"level":"debug","component":"http","time":"2026-06-30T06:57:51Z","caller":"/workspaces/picoclaw/web/backend/middleware/middleware.go:64","message":"GET /api/gateway/status 200 18.552184ms"}
{"level":"debug","component":"http","time":"2026-06-30T06:57:54Z","caller":"/workspaces/picoclaw/web/backend/middleware/middleware.go:64","message":"GET /api/gateway/status 200 21.428ms"}
{"level":"debug","component":"http","time":"2026-06-30T06:57:57Z","caller":"/workspaces/picoclaw/web/backend/middleware/middleware.go:64","message":"GET /api/gateway/status 200 18.518935ms"}
{"level":"debug","component":"http","time":"2026-06-30T06:58:00Z","caller":"/workspaces/picoclaw/web/backend/middleware/middleware.go:64","message":"GET /api/gateway/status 200 23.959908ms"}
{"level":"debug","component":"http","time":"2026-06-30T06:58:03Z","caller":"/workspaces/picoclaw/web/backend/middleware/middleware.go:64","message":"GET /api/gateway/status 200 17.930985ms"}
{"level":"debug","component":"http","time":"2026-06-30T06:58:06Z","caller":"/workspaces/picoclaw/web/backend/middleware/middleware.go:64","message":"GET /api/gateway/status 200 17.858789ms"}
{"level":"debug","component":"http","time":"2026-06-30T06:58:09Z","caller":"/workspaces/picoclaw/web/backend/middleware/middleware.go:64","message":"GET /api/gateway/status 200 52.993926ms"}
{"level":"debug","component":"http","time":"2026-06-30T06:58:12Z","caller":"/workspaces/picoclaw/web/backend/middleware/middleware.go:64","message":"GET /api/gateway/status 200 26.301356ms"}
{"level":"debug","component":"http","time":"2026-06-30T06:58:15Z","caller":"/workspaces/picoclaw/web/backend/middleware/middleware.go:64","message":"GET /api/gateway/status 200 20.232045ms"}
{"level":"debug","component":"http","time":"2026-06-30T06:58:17Z","caller":"/workspaces/picoclaw/web/backend/middleware/middleware.go:64","message":"GET /api/gateway/status 200 17.626578ms"}
{"level":"debug","component":"http","time":"2026-06-30T06:58:20Z","caller":"/workspaces/picoclaw/web/backend/middleware/middleware.go:64","message":"GET /api/gateway/status 200 20.230776ms"}
{"level":"debug","component":"http","time":"2026-06-30T06:58:22Z","caller":"/workspaces/picoclaw/web/backend/middleware/middleware.go:64","message":"GET /api/gateway/status 200 21.87376ms"}
{"level":"debug","component":"http","time":"2026-06-30T06:58:24Z","caller":"/workspaces/picoclaw/web/backend/middleware/middleware.go:64","message":"GET /api/gateway/status 200 21.400399ms"}
{"level":"debug","component":"http","time":"2026-06-30T06:58:27Z","caller":"/workspaces/picoclaw/web/backend/middleware/middleware.go:64","message":"GET /api/gateway/status 200 24.353234ms"}
{"level":"debug","component":"http","time":"2026-06-30T06:58:29Z","caller":"/workspaces/picoclaw/web/backend/middleware/middleware.go:64","message":"GET /api/gateway/status 200 19.828064ms"}
{"level":"debug","component":"http","time":"2026-06-30T06:58:31Z","caller":"/workspaces/picoclaw/web/backend/middleware/middleware.go:64","message":"GET /api/gateway/status 200 21.790587ms"}
{"level":"debug","component":"http","time":"2026-06-30T06:58:34Z","caller":"/workspaces/picoclaw/web/backend/middleware/middleware.go:64","message":"GET /api/gateway/status 200 37.299743ms"}
{"level":"debug","component":"http","time":"2026-06-30T06:58:36Z","caller":"/workspaces/picoclaw/web/backend/middleware/middleware.go:64","message":"GET /api/gateway/status 200 24.013652ms"}
{"level":"debug","component":"http","time":"2026-06-30T06:58:38Z","caller":"/workspaces/picoclaw/web/backend/middleware/middleware.go:64","message":"GET /api/gateway/status 200 22.73726ms"}
{"level":"debug","component":"http","time":"2026-06-30T06:58:41Z","caller":"/workspaces/picoclaw/web/backend/middleware/middleware.go:64","message":"GET /api/gateway/status 200 29.448869ms"}
{"level":"debug","component":"http","time":"2026-06-30T06:58:43Z","caller":"/workspaces/picoclaw/web/backend/middleware/middleware.go:64","message":"GET /api/gateway/status 200 24.32506ms"}
{"level":"debug","component":"http","time":"2026-06-30T06:58:45Z","caller":"/workspaces/picoclaw/web/backend/middleware/middleware.go:64","message":"GET /api/gateway/status 200 58.221206ms"}
{"level":"debug","component":"http","time":"2026-06-30T06:58:48Z","caller":"/workspaces/picoclaw/web/backend/middleware/middleware.go:64","message":"GET /api/gateway/status 200 20.045216ms"}
{"level":"debug","component":"http","time":"2026-06-30T06:58:50Z","caller":"/workspaces/picoclaw/web/backend/middleware/middleware.go:64","message":"GET /api/gateway/status 200 51.893254ms"}
{"level":"debug","component":"http","time":"2026-06-30T06:58:52Z","caller":"/workspaces/picoclaw/web/backend/middleware/middleware.go:64","message":"GET /api/gateway/status 200 21.682881ms"}
{"level":"debug","component":"http","time":"2026-06-30T06:58:55Z","caller":"/workspaces/picoclaw/web/backend/middleware/middleware.go:64","message":"GET /api/gateway/status 200 22.003281ms"}
{"level":"debug","component":"http","time":"2026-06-30T06:58:57Z","caller":"/workspaces/picoclaw/web/backend/middleware/middleware.go:64","message":"GET /api/gateway/status 200 17.942955ms"}
{"level":"debug","component":"http","time":"2026-06-30T06:58:59Z","caller":"/workspaces/picoclaw/web/backend/middleware/middleware.go:64","message":"GET /api/gateway/status 200 20.398989ms"}
{"level":"debug","component":"http","time":"2026-06-30T06:59:02Z","caller":"/workspaces/picoclaw/web/backend/middleware/middleware.go:64","message":"GET /api/gateway/status 200 35.433482ms"}
{"level":"debug","component":"http","time":"2026-06-30T06:59:04Z","caller":"/workspaces/picoclaw/web/backend/middleware/middleware.go:64","message":"GET /api/gateway/status 200 28.245835ms"}
{"level":"debug","component":"http","time":"2026-06-30T06:59:06Z","caller":"/workspaces/picoclaw/web/backend/middleware/middleware.go:64","message":"GET /api/gateway/status 200 22.11105ms"}
{"level":"debug","component":"http","time":"2026-06-30T06:59:08Z","caller":"/workspaces/picoclaw/web/backend/middleware/middleware.go:64","message":"GET /api/gateway/status 200 18.804186ms"}
{"level":"debug","component":"http","time":"2026-06-30T06:59:11Z","caller":"/workspaces/picoclaw/web/backend/middleware/middleware.go:64","message":"GET /api/gateway/status 200 18.650966ms"}
{"level":"debug","component":"http","time":"2026-06-30T06:59:13Z","caller":"/workspaces/picoclaw/web/backend/middleware/middleware.go:64","message":"GET /api/gateway/status 200 18.272215ms"}
{"level":"debug","component":"http","time":"2026-06-30T06:59:15Z","caller":"/workspaces/picoclaw/web/backend/middleware/middleware.go:64","message":"GET /api/gateway/status 200 21.425ms"}
{"level":"debug","component":"http","time":"2026-06-30T06:59:18Z","caller":"/workspaces/picoclaw/web/backend/middleware/middleware.go:64","message":"GET /api/gateway/status 200 19.365609ms"}
{"level":"debug","component":"http","time":"2026-06-30T06:59:20Z","caller":"/workspaces/picoclaw/web/backend/middleware/middleware.go:64","message":"GET /api/gateway/status 200 20.458512ms"}
{"level":"debug","component":"http","time":"2026-06-30T06:59:22Z","caller":"/workspaces/picoclaw/web/backend/middleware/middleware.go:64","message":"GET /api/gateway/status 200 18.187246ms"}
{"level":"debug","component":"http","time":"2026-06-30T06:59:25Z","caller":"/workspaces/picoclaw/web/backend/middleware/middleware.go:64","message":"GET /api/gateway/status 200 38.7711ms"}
{"level":"debug","component":"http","time":"2026-06-30T06:59:27Z","caller":"/workspaces/picoclaw/web/backend/middleware/middleware.go:64","message":"GET /api/gateway/status 200 19.848234ms"}
{"level":"debug","component":"http","time":"2026-06-30T06:59:29Z","caller":"/workspaces/picoclaw/web/backend/middleware/middleware.go:64","message":"GET /api/gateway/status 200 20.101391ms"}
{"level":"debug","component":"http","time":"2026-06-30T06:59:32Z","caller":"/workspaces/picoclaw/web/backend/middleware/middleware.go:64","message":"GET /api/gateway/status 200 22.272691ms"}
{"level":"debug","component":"http","time":"2026-06-30T06:59:34Z","caller":"/workspaces/picoclaw/web/backend/middleware/middleware.go:64","message":"GET /api/gateway/status 200 23.523227ms"}
{"level":"debug","component":"http","time":"2026-06-30T06:59:36Z","caller":"/workspaces/picoclaw/web/backend/middleware/middleware.go:64","message":"GET /api/gateway/status 200 23.882346ms"}
{"level":"debug","component":"http","time":"2026-06-30T06:59:39Z","caller":"/workspaces/picoclaw/web/backend/middleware/middleware.go:64","message":"GET /api/gateway/status 200 53.525856ms"}
{"level":"debug","component":"http","time":"2026-06-30T06:59:42Z","caller":"/workspaces/picoclaw/web/backend/middleware/middleware.go:64","message":"GET /api/gateway/status 200 19.376084ms"}
{"level":"debug","component":"http","time":"2026-06-30T06:59:46Z","caller":"/workspaces/picoclaw/web/backend/middleware/middleware.go:64","message":"GET /api/gateway/status 200 20.38339ms"}
{"level":"debug","component":"http","time":"2026-06-30T06:59:48Z","caller":"/workspaces/picoclaw/web/backend/middleware/middleware.go:64","message":"GET /api/gateway/status 200 17.552492ms"}
{"level":"debug","component":"http","time":"2026-06-30T06:59:51Z","caller":"/workspaces/picoclaw/web/backend/middleware/middleware.go:64","message":"GET /api/gateway/status 200 22.070259ms"}
{"level":"debug","component":"http","time":"2026-06-30T06:59:53Z","caller":"/workspaces/picoclaw/web/backend/middleware/middleware.go:64","message":"GET /api/gateway/status 200 20.413478ms"}
{"level":"debug","component":"http","time":"2026-06-30T06:59:55Z","caller":"/workspaces/picoclaw/web/backend/middleware/middleware.go:64","message":"GET /api/gateway/status 200 49.426973ms"}
{"level":"debug","component":"http","time":"2026-06-30T06:59:58Z","caller":"/workspaces/picoclaw/web/backend/middleware/middleware.go:64","message":"GET /api/gateway/status 200 18.030872ms"}
{"level":"debug","component":"http","time":"2026-06-30T07:00:00Z","caller":"/workspaces/picoclaw/web/backend/middleware/middleware.go:64","message":"GET /api/gateway/status 200 36.556567ms"}
{"level":"debug","component":"http","time":"2026-06-30T07:00:02Z","caller":"/workspaces/picoclaw/web/backend/middleware/middleware.go:64","message":"GET /api/gateway/status 200 46.881746ms"}
{"level":"debug","component":"http","time":"2026-06-30T07:00:05Z","caller":"/workspaces/picoclaw/web/backend/middleware/middleware.go:64","message":"GET /api/gateway/status 200 30.189559ms"}
{"level":"debug","component":"http","time":"2026-06-30T07:00:07Z","caller":"/workspaces/picoclaw/web/backend/middleware/middleware.go:64","message":"GET /api/gateway/status 200 18.809444ms"}
{"level":"debug","component":"http","time":"2026-06-30T07:00:09Z","caller":"/workspaces/picoclaw/web/backend/middleware/middleware.go:64","message":"GET /api/gateway/status 200 20.670488ms"}
{"level":"debug","component":"http","time":"2026-06-30T07:00:12Z","caller":"/workspaces/picoclaw/web/backend/middleware/middleware.go:64","message":"GET /api/gateway/status 200 23.240216ms"}
{"level":"debug","component":"http","time":"2026-06-30T07:00:14Z","caller":"/workspaces/picoclaw/web/backend/middleware/middleware.go:64","message":"GET /api/gateway/status 200 20.262274ms"}
{"level":"debug","component":"http","time":"2026-06-30T07:00:16Z","caller":"/workspaces/picoclaw/web/backend/middleware/middleware.go:64","message":"GET /api/gateway/status 200 20.914408ms"}
{"level":"debug","component":"http","time":"2026-06-30T07:00:19Z","caller":"/workspaces/picoclaw/web/backend/middleware/middleware.go:64","message":"GET /api/gateway/status 200 20.788844ms"}
{"level":"debug","component":"http","time":"2026-06-30T07:00:22Z","caller":"/workspaces/picoclaw/web/backend/middleware/middleware.go:64","message":"GET /api/gateway/status 200 17.666324ms"}
{"level":"debug","component":"http","time":"2026-06-30T07:00:25Z","caller":"/workspaces/picoclaw/web/backend/middleware/middleware.go:64","message":"GET /api/gateway/status 200 21.385967ms"}
{"level":"debug","component":"http","time":"2026-06-30T07:00:28Z","caller":"/workspaces/picoclaw/web/backend/middleware/middleware.go:64","message":"GET /api/gateway/status 200 18.676927ms"}
{"level":"debug","component":"http","time":"2026-06-30T07:00:31Z","caller":"/workspaces/picoclaw/web/backend/middleware/middleware.go:64","message":"GET /api/gateway/status 200 21.184675ms"}
{"level":"debug","component":"http","time":"2026-06-30T07:00:34Z","caller":"/workspaces/picoclaw/web/backend/middleware/middleware.go:64","message":"GET /api/gateway/status 200 27.777722ms"}
{"level":"debug","component":"http","time":"2026-06-30T07:00:37Z","caller":"/workspaces/picoclaw/web/backend/middleware/middleware.go:64","message":"GET /api/gateway/status 200 19.167595ms"}
{"level":"debug","component":"http","time":"2026-06-30T07:00:40Z","caller":"/workspaces/picoclaw/web/backend/middleware/middleware.go:64","message":"GET /api/gateway/status 200 22.326732ms"}
{"level":"debug","component":"http","time":"2026-06-30T07:00:43Z","caller":"/workspaces/picoclaw/web/backend/middleware/middleware.go:64","message":"GET /api/gateway/status 200 19.947907ms"}
{"level":"debug","component":"http","time":"2026-06-30T07:00:47Z","caller":"/workspaces/picoclaw/web/backend/middleware/middleware.go:64","message":"GET /api/gateway/status 200 25.659494ms"}
{"level":"debug","component":"http","time":"2026-06-30T07:00:49Z","caller":"/workspaces/picoclaw/web/backend/middleware/middleware.go:64","message":"GET /api/gateway/status 200 23.474175ms"}
{"level":"debug","component":"http","time":"2026-06-30T07:00:52Z","caller":"/workspaces/picoclaw/web/backend/middleware/middleware.go:64","message":"GET /api/gateway/status 200 19.357378ms"}
{"level":"debug","component":"http","time":"2026-06-30T07:00:55Z","caller":"/workspaces/picoclaw/web/backend/middleware/middleware.go:64","message":"GET /api/gateway/status 200 23.664567ms"}
{"level":"debug","component":"http","time":"2026-06-30T07:00:58Z","caller":"/workspaces/picoclaw/web/backend/middleware/middleware.go:64","message":"GET /api/gateway/status 200 21.576709ms"}
{"level":"debug","component":"http","time":"2026-06-30T07:01:01Z","caller":"/workspaces/picoclaw/web/backend/middleware/middleware.go:64","message":"GET /api/gateway/status 200 21.067108ms"}
{"level":"debug","component":"http","time":"2026-06-30T07:01:05Z","caller":"/workspaces/picoclaw/web/backend/middleware/middleware.go:64","message":"GET /api/gateway/status 200 70.519756ms"}
{"level":"debug","component":"http","time":"2026-06-30T07:01:07Z","caller":"/workspaces/picoclaw/web/backend/middleware/middleware.go:64","message":"GET /api/gateway/status 200 19.041204ms"}
{"level":"debug","component":"http","time":"2026-06-30T07:01:10Z","caller":"/workspaces/picoclaw/web/backend/middleware/middleware.go:64","message":"GET /api/gateway/status 200 24.459172ms"}
{"level":"debug","component":"http","time":"2026-06-30T07:01:13Z","caller":"/workspaces/picoclaw/web/backend/middleware/middleware.go:64","message":"GET /api/gateway/status 200 25.797899ms"}
{"level":"debug","component":"http","time":"2026-06-30T07:01:16Z","caller":"/workspaces/picoclaw/web/backend/middleware/middleware.go:64","message":"GET /api/gateway/status 200 17.908313ms"}
{"level":"debug","component":"http","time":"2026-06-30T07:01:19Z","caller":"/workspaces/picoclaw/web/backend/middleware/middleware.go:64","message":"GET /api/gateway/status 200 26.22329ms"}
{"level":"debug","component":"http","time":"2026-06-30T07:01:21Z","caller":"/workspaces/picoclaw/web/backend/middleware/middleware.go:64","message":"GET /api/gateway/status 200 19.320236ms"}
{"level":"debug","component":"http","time":"2026-06-30T07:01:23Z","caller":"/workspaces/picoclaw/web/backend/middleware/middleware.go:64","message":"GET /api/gateway/status 200 22.667039ms"}
{"level":"debug","component":"http","time":"2026-06-30T07:01:25Z","caller":"/workspaces/picoclaw/web/backend/middleware/middleware.go:64","message":"GET /api/gateway/status 200 20.034599ms"}
{"level":"debug","component":"http","time":"2026-06-30T07:01:28Z","caller":"/workspaces/picoclaw/web/backend/middleware/middleware.go:64","message":"GET /api/gateway/status 200 19.88639ms"}
{"level":"debug","component":"http","time":"2026-06-30T07:01:30Z","caller":"/workspaces/picoclaw/web/backend/middleware/middleware.go:64","message":"GET /api/gateway/status 200 26.569947ms"}
{"level":"debug","component":"http","time":"2026-06-30T07:01:30Z","caller":"/workspaces/picoclaw/web/backend/middleware/middleware.go:64","message":"GET /pico/ws 200 38m12.369614496s"}
{"level":"debug","component":"http","time":"2026-06-30T07:01:32Z","caller":"/workspaces/picoclaw/web/backend/middleware/middleware.go:64","message":"GET /api/gateway/status 200 18.117236ms"}
{"level":"debug","component":"http","time":"2026-06-30T07:01:35Z","caller":"/workspaces/picoclaw/web/backend/middleware/middleware.go:64","message":"GET /api/gateway/status 200 19.69756ms"}
{"level":"debug","component":"http","time":"2026-06-30T07:01:37Z","caller":"/workspaces/picoclaw/web/backend/middleware/middleware.go:64","message":"GET /api/gateway/status 200 18.522449ms"}
{"level":"debug","component":"http","time":"2026-06-30T07:01:39Z","caller":"/workspaces/picoclaw/web/backend/middleware/middleware.go:64","message":"GET /api/gateway/status 200 29.922123ms"}
{"level":"debug","component":"http","time":"2026-06-30T07:01:42Z","caller":"/workspaces/picoclaw/web/backend/middleware/middleware.go:64","message":"GET /api/gateway/status 200 20.068623ms"}
{"level":"debug","component":"http","time":"2026-06-30T07:01:44Z","caller":"/workspaces/picoclaw/web/backend/middleware/middleware.go:64","message":"GET /api/gateway/status 200 22.227257ms"}
{"level":"debug","component":"http","time":"2026-06-30T07:01:46Z","caller":"/workspaces/picoclaw/web/backend/middleware/middleware.go:64","message":"GET /api/gateway/status 200 22.391939ms"}
{"level":"debug","component":"http","time":"2026-06-30T07:01:49Z","caller":"/workspaces/picoclaw/web/backend/middleware/middleware.go:64","message":"GET /api/gateway/status 200 18.636609ms"}
{"level":"debug","component":"http","time":"2026-06-30T07:01:51Z","caller":"/workspaces/picoclaw/web/backend/middleware/middleware.go:64","message":"GET /api/gateway/status 200 22.222931ms"}
{"level":"debug","component":"http","time":"2026-06-30T07:01:53Z","caller":"/workspaces/picoclaw/web/backend/middleware/middleware.go:64","message":"GET /api/gateway/status 200 19.169897ms"}
{"level":"debug","component":"http","time":"2026-06-30T07:01:56Z","caller":"/workspaces/picoclaw/web/backend/middleware/middleware.go:64","message":"GET /api/gateway/status 200 20.283123ms"}
{"level":"debug","component":"http","time":"2026-06-30T07:01:58Z","caller":"/workspaces/picoclaw/web/backend/middleware/middleware.go:64","message":"GET /api/gateway/status 200 20.911955ms"}
{"level":"debug","component":"http","time":"2026-06-30T07:02:00Z","caller":"/workspaces/picoclaw/web/backend/middleware/middleware.go:64","message":"GET /api/gateway/status 200 18.130265ms"}
{"level":"debug","component":"http","time":"2026-06-30T07:02:03Z","caller":"/workspaces/picoclaw/web/backend/middleware/middleware.go:64","message":"GET /api/gateway/status 200 21.638452ms"}
{"level":"debug","component":"http","time":"2026-06-30T07:02:05Z","caller":"/workspaces/picoclaw/web/backend/middleware/middleware.go:64","message":"GET /api/gateway/status 200 20.227316ms"}
{"level":"debug","component":"http","time":"2026-06-30T07:02:07Z","caller":"/workspaces/picoclaw/web/backend/middleware/middleware.go:64","message":"GET /api/gateway/status 200 25.358222ms"}
{"level":"debug","component":"http","time":"2026-06-30T07:02:09Z","caller":"/workspaces/picoclaw/web/backend/middleware/middleware.go:64","message":"GET /api/gateway/status 200 17.979897ms"}
{"level":"debug","component":"http","time":"2026-06-30T07:02:12Z","caller":"/workspaces/picoclaw/web/backend/middleware/middleware.go:64","message":"GET /api/gateway/status 200 19.391878ms"}
{"level":"debug","component":"http","time":"2026-06-30T07:02:14Z","caller":"/workspaces/picoclaw/web/backend/middleware/middleware.go:64","message":"GET /api/gateway/status 200 30.590409ms"}
{"level":"debug","component":"http","time":"2026-06-30T07:02:17Z","caller":"/workspaces/picoclaw/web/backend/middleware/middleware.go:64","message":"GET /api/gateway/status 200 27.05289ms"}
{"level":"debug","component":"http","time":"2026-06-30T07:02:19Z","caller":"/workspaces/picoclaw/web/backend/middleware/middleware.go:64","message":"GET /api/gateway/status 200 23.489043ms"}
{"level":"debug","component":"http","time":"2026-06-30T07:02:21Z","caller":"/workspaces/picoclaw/web/backend/middleware/middleware.go:64","message":"GET /api/gateway/status 200 23.902284ms"}
{"level":"debug","component":"http","time":"2026-06-30T07:02:24Z","caller":"/workspaces/picoclaw/web/backend/middleware/middleware.go:64","message":"GET /api/gateway/status 200 34.433557ms"}
{"level":"debug","component":"http","time":"2026-06-30T07:02:26Z","caller":"/workspaces/picoclaw/web/backend/middleware/middleware.go:64","message":"GET /api/gateway/status 200 19.633829ms"}
{"level":"debug","component":"http","time":"2026-06-30T07:02:28Z","caller":"/workspaces/picoclaw/web/backend/middleware/middleware.go:64","message":"GET /api/gateway/status 200 25.570117ms"}
{"level":"debug","component":"http","time":"2026-06-30T07:02:31Z","caller":"/workspaces/picoclaw/web/backend/middleware/middleware.go:64","message":"GET /api/gateway/status 200 22.48498ms"}
{"level":"debug","component":"http","time":"2026-06-30T07:02:33Z","caller":"/workspaces/picoclaw/web/backend/middleware/middleware.go:64","message":"GET /api/gateway/status 200 19.311741ms"}
{"level":"debug","component":"http","time":"2026-06-30T07:02:35Z","caller":"/workspaces/picoclaw/web/backend/middleware/middleware.go:64","message":"GET /api/gateway/status 200 21.709664ms"}
{"level":"debug","component":"http","time":"2026-06-30T07:02:37Z","caller":"/workspaces/picoclaw/web/backend/middleware/middleware.go:64","message":"GET /api/gateway/status 200 38.076795ms"}
{"level":"debug","component":"http","time":"2026-06-30T07:02:40Z","caller":"/workspaces/picoclaw/web/backend/middleware/middleware.go:64","message":"GET /api/gateway/status 200 18.413055ms"}
{"level":"debug","component":"http","time":"2026-06-30T07:02:42Z","caller":"/workspaces/picoclaw/web/backend/middleware/middleware.go:64","message":"GET /api/gateway/status 200 19.984266ms"}
{"level":"debug","component":"http","time":"2026-06-30T07:02:44Z","caller":"/workspaces/picoclaw/web/backend/middleware/middleware.go:64","message":"GET /api/gateway/status 200 22.721904ms"}
{"level":"debug","component":"http","time":"2026-06-30T07:02:47Z","caller":"/workspaces/picoclaw/web/backend/middleware/middleware.go:64","message":"GET /api/gateway/status 200 24.531633ms"}
{"level":"debug","component":"http","time":"2026-06-30T07:02:49Z","caller":"/workspaces/picoclaw/web/backend/middleware/middleware.go:64","message":"GET /api/gateway/status 200 21.833144ms"}
{"level":"debug","component":"http","time":"2026-06-30T07:02:51Z","caller":"/workspaces/picoclaw/web/backend/middleware/middleware.go:64","message":"GET /api/gateway/status 200 20.045713ms"}
{"level":"debug","component":"http","time":"2026-06-30T07:02:54Z","caller":"/workspaces/picoclaw/web/backend/middleware/middleware.go:64","message":"GET /api/gateway/status 200 18.27651ms"}
{"level":"debug","component":"http","time":"2026-06-30T07:02:56Z","caller":"/workspaces/picoclaw/web/backend/middleware/middleware.go:64","message":"GET /api/gateway/status 200 19.608915ms"}
{"level":"debug","component":"http","time":"2026-06-30T07:02:58Z","caller":"/workspaces/picoclaw/web/backend/middleware/middleware.go:64","message":"GET /api/gateway/status 200 19.745674ms"}
{"level":"debug","component":"http","time":"2026-06-30T07:03:01Z","caller":"/workspaces/picoclaw/web/backend/middleware/middleware.go:64","message":"GET /api/gateway/status 200 20.319183ms"}
{"level":"debug","component":"http","time":"2026-06-30T07:03:03Z","caller":"/workspaces/picoclaw/web/backend/middleware/middleware.go:64","message":"GET /api/gateway/status 200 17.910127ms"}
{"level":"debug","component":"http","time":"2026-06-30T07:03:05Z","caller":"/workspaces/picoclaw/web/backend/middleware/middleware.go:64","message":"GET /api/gateway/status 200 24.827056ms"}
{"level":"debug","component":"http","time":"2026-06-30T07:03:07Z","caller":"/workspaces/picoclaw/web/backend/middleware/middleware.go:64","message":"GET /api/gateway/status 200 29.75151ms"}
{"level":"debug","component":"http","time":"2026-06-30T07:03:10Z","caller":"/workspaces/picoclaw/web/backend/middleware/middleware.go:64","message":"GET /api/gateway/status 200 21.804298ms"}
{"level":"debug","component":"http","time":"2026-06-30T07:03:12Z","caller":"/workspaces/picoclaw/web/backend/middleware/middleware.go:64","message":"GET /api/gateway/status 200 20.328064ms"}
{"level":"debug","component":"http","time":"2026-06-30T07:03:14Z","caller":"/workspaces/picoclaw/web/backend/middleware/middleware.go:64","message":"GET /api/gateway/status 200 30.045104ms"}
{"level":"debug","component":"http","time":"2026-06-30T07:03:17Z","caller":"/workspaces/picoclaw/web/backend/middleware/middleware.go:64","message":"GET /api/gateway/status 200 29.750739ms"}
{"level":"debug","component":"http","time":"2026-06-30T07:03:19Z","caller":"/workspaces/picoclaw/web/backend/middleware/middleware.go:64","message":"GET /api/gateway/status 200 19.650736ms"}
{"level":"debug","component":"http","time":"2026-06-30T07:03:21Z","caller":"/workspaces/picoclaw/web/backend/middleware/middleware.go:64","message":"GET /api/gateway/status 200 19.571508ms"}
{"level":"debug","component":"http","time":"2026-06-30T07:03:24Z","caller":"/workspaces/picoclaw/web/backend/middleware/middleware.go:64","message":"GET /api/gateway/status 200 18.652869ms"}
{"level":"debug","component":"http","time":"2026-06-30T07:03:27Z","caller":"/workspaces/picoclaw/web/backend/middleware/middleware.go:64","message":"GET /api/gateway/status 200 33.473256ms"}
{"level":"debug","component":"http","time":"2026-06-30T07:03:30Z","caller":"/workspaces/picoclaw/web/backend/middleware/middleware.go:64","message":"GET /api/gateway/status 200 22.558517ms"}
{"level":"debug","component":"http","time":"2026-06-30T07:03:33Z","caller":"/workspaces/picoclaw/web/backend/middleware/middleware.go:64","message":"GET /api/gateway/status 200 27.561178ms"}
{"level":"debug","component":"http","time":"2026-06-30T07:03:36Z","caller":"/workspaces/picoclaw/web/backend/middleware/middleware.go:64","message":"GET /api/gateway/status 200 21.904895ms"}
{"level":"debug","component":"http","time":"2026-06-30T07:03:39Z","caller":"/workspaces/picoclaw/web/backend/middleware/middleware.go:64","message":"GET /api/gateway/status 200 19.348478ms"}
{"level":"debug","component":"http","time":"2026-06-30T07:03:42Z","caller":"/workspaces/picoclaw/web/backend/middleware/middleware.go:64","message":"GET /api/gateway/status 200 18.625438ms"}
{"level":"debug","component":"http","time":"2026-06-30T07:03:45Z","caller":"/workspaces/picoclaw/web/backend/middleware/middleware.go:64","message":"GET /api/gateway/status 200 29.035467ms"}
{"level":"debug","component":"http","time":"2026-06-30T07:03:49Z","caller":"/workspaces/picoclaw/web/backend/middleware/middleware.go:64","message":"GET /api/gateway/status 200 29.629807ms"}
{"level":"debug","component":"http","time":"2026-06-30T07:03:51Z","caller":"/workspaces/picoclaw/web/backend/middleware/middleware.go:64","message":"GET /api/gateway/status 200 25.064814ms"}
{"level":"debug","component":"http","time":"2026-06-30T07:03:54Z","caller":"/workspaces/picoclaw/web/backend/middleware/middleware.go:64","message":"GET /api/gateway/status 200 19.671776ms"}
{"level":"debug","component":"http","time":"2026-06-30T07:03:57Z","caller":"/workspaces/picoclaw/web/backend/middleware/middleware.go:64","message":"GET /api/gateway/status 200 21.643308ms"}
{"level":"debug","component":"http","time":"2026-06-30T07:04:00Z","caller":"/workspaces/picoclaw/web/backend/middleware/middleware.go:64","message":"GET /api/gateway/status 200 21.69092ms"}
{"level":"debug","component":"http","time":"2026-06-30T07:04:03Z","caller":"/workspaces/picoclaw/web/backend/middleware/middleware.go:64","message":"GET /api/gateway/status 200 21.416634ms"}
{"level":"debug","component":"http","time":"2026-06-30T07:04:06Z","caller":"/workspaces/picoclaw/web/backend/middleware/middleware.go:64","message":"GET /api/gateway/status 200 24.334963ms"}
{"level":"debug","component":"http","time":"2026-06-30T07:04:09Z","caller":"/workspaces/picoclaw/web/backend/middleware/middleware.go:64","message":"GET /api/gateway/status 200 18.610576ms"}
{"level":"debug","component":"http","time":"2026-06-30T07:04:12Z","caller":"/workspaces/picoclaw/web/backend/middleware/middleware.go:64","message":"GET /api/gateway/status 200 23.110596ms"}
{"level":"debug","component":"http","time":"2026-06-30T07:04:15Z","caller":"/workspaces/picoclaw/web/backend/middleware/middleware.go:64","message":"GET /api/gateway/status 200 21.546031ms"}
{"level":"debug","component":"http","time":"2026-06-30T07:04:19Z","caller":"/workspaces/picoclaw/web/backend/middleware/middleware.go:64","message":"GET /api/gateway/status 200 22.907839ms"}
{"level":"debug","component":"http","time":"2026-06-30T07:04:21Z","caller":"/workspaces/picoclaw/web/backend/middleware/middleware.go:64","message":"GET /api/gateway/status 200 18.444721ms"}
{"level":"debug","component":"http","time":"2026-06-30T07:04:24Z","caller":"/workspaces/picoclaw/web/backend/middleware/middleware.go:64","message":"GET /api/gateway/status 200 22.762614ms"}
{"level":"debug","component":"http","time":"2026-06-30T07:04:27Z","caller":"/workspaces/picoclaw/web/backend/middleware/middleware.go:64","message":"GET /api/gateway/status 200 19.996111ms"}
{"level":"debug","component":"http","time":"2026-06-30T07:04:31Z","caller":"/workspaces/picoclaw/web/backend/middleware/middleware.go:64","message":"GET /api/gateway/status 200 72.931855ms"}
{"level":"debug","component":"http","time":"2026-06-30T07:04:34Z","caller":"/workspaces/picoclaw/web/backend/middleware/middleware.go:64","message":"GET /api/gateway/status 200 21.859543ms"}
{"level":"debug","component":"http","time":"2026-06-30T07:04:36Z","caller":"/workspaces/picoclaw/web/backend/middleware/middleware.go:64","message":"GET /api/gateway/status 200 18.929819ms"}
{"level":"debug","component":"http","time":"2026-06-30T07:04:40Z","caller":"/workspaces/picoclaw/web/backend/middleware/middleware.go:64","message":"GET /api/gateway/status 200 44.118732ms"}
{"level":"debug","component":"http","time":"2026-06-30T07:04:42Z","caller":"/workspaces/picoclaw/web/backend/middleware/middleware.go:64","message":"GET /api/gateway/status 200 21.76824ms"}
{"level":"debug","component":"http","time":"2026-06-30T07:04:45Z","caller":"/workspaces/picoclaw/web/backend/middleware/middleware.go:64","message":"GET /api/gateway/status 200 17.901127ms"}
{"level":"debug","component":"http","time":"2026-06-30T07:04:49Z","caller":"/workspaces/picoclaw/web/backend/middleware/middleware.go:64","message":"GET /api/gateway/status 200 23.28876ms"}
{"level":"debug","component":"http","time":"2026-06-30T07:04:51Z","caller":"/workspaces/picoclaw/web/backend/middleware/middleware.go:64","message":"GET /api/gateway/status 200 21.09795ms"}
